id,"month",average,average_high,average_low,precipitation,"country_iso_code"
1,"JAN",3,8,-2,876,"CA"
2,"FEB",-12,-7,-17,76,"CA"
3,"MAR",-10,-5,-15,60,"CA"
4,"APR",-5,1,-10,62,"CA"
5,"MAY",3,8,-3,59,"CA"
6,"JUN",9,15,3,67,"CA"
7,"JUL",14,20,8,78,"CA"
8,"AUG",17,23,11,76,"CA"
9,"SEP",16,22,10,74,"CA"
10,"OCT",11,17,6,75,"CA"
11,"NOV",5,10,0,79,"CA"
12,"DEC",-2,1,-6,84,"CA"
13,"JAN",24,30,18,159,"SA"
14,"FEB",15,20,10,13,"SA"
15,"MAR",17,22,11,12,"SA"
16,"APR",20,26,15,26,"SA"
17,"MAY",24,30,18,21,"SA"
18,"JUN",29,34,22,12,"SA"
19,"JUL",31,37,25,0,"SA"
20,"AUG",32,38,26,2,"SA"
21,"SEP",32,37,26,6,"SA"
22,"OCT",30,36,23,1,"SA"
23,"NOV",26,32,19,4,"SA"
24,"DEC",20,26,15,17,"SA"
25,"JAN",15,22,9,194,"TM"
26,"FEB",3,8,-1,20,"TM"
27,"MAR",5,10,0,22,"TM"
28,"APR",9,15,4,34,"TM"
29,"MAY",15,22,9,35,"TM"
30,"JUN",22,29,15,14,"TM"
31,"JUL",26,34,19,2,"TM"
32,"AUG",29,36,21,1,"TM"
33,"SEP",27,35,20,0,"TM"
34,"OCT",22,30,14,1,"TM"
35,"NOV",15,22,8,10,"TM"
36,"DEC",9,15,3,15,"TM"
37,"JAN",6,9,3,645,"LT"
38,"FEB",-4,-1,-6,41,"LT"
39,"MAR",-3,-1,-6,31,"LT"
40,"APR",NULL,2,-3,37,"LT"
41,"MAY",5,9,1,46,"LT"
42,"JUN",11,16,7,51,"LT"
43,"JUL",15,20,10,75,"LT"
44,"AUG",17,21,12,80,"LT"
45,"SEP",16,20,12,69,"LT"
46,"OCT",12,16,8,61,"LT"
47,"NOV",7,10,4,56,"LT"
48,"DEC",2,3,0,51,"LT"
49,"JAN",27,32,23,1617,"KH"
50,"FEB",25,31,20,4,"KH"
51,"MAR",27,32,21,11,"KH"
52,"APR",28,34,23,35,"KH"
53,"MAY",29,35,25,81,"KH"
54,"JUN",28,33,24,177,"KH"
55,"JUL",28,32,24,195,"KH"
56,"AUG",27,31,24,217,"KH"
57,"SEP",27,31,24,237,"KH"
58,"OCT",27,30,24,261,"KH"
59,"NOV",26,30,23,237,"KH"
60,"DEC",26,30,22,105,"KH"
61,"JAN",7,12,3,1220,"CH"
62,"FEB",-2,2,-4,69,"CH"
63,"MAR",-1,3,-4,64,"CH"
64,"APR",3,8,-1,79,"CH"
65,"MAY",6,12,2,96,"CH"
66,"JUN",11,16,6,111,"CH"
67,"JUL",14,20,10,122,"CH"
68,"AUG",16,22,12,123,"CH"
69,"SEP",16,22,11,130,"CH"
70,"OCT",13,18,9,112,"CH"
71,"NOV",8,12,4,110,"CH"
72,"DEC",3,6,NULL,94,"CH"
73,"JAN",20,27,14,1002,"ET"
74,"FEB",19,27,13,15,"ET"
75,"MAR",20,28,14,27,"ET"
76,"APR",21,29,15,52,"ET"
77,"MAY",21,29,16,92,"ET"
78,"JUN",22,29,17,99,"ET"
79,"JUL",21,28,16,104,"ET"
80,"AUG",19,26,15,174,"ET"
81,"SEP",19,25,14,192,"ET"
82,"OCT",20,26,15,127,"ET"
83,"NOV",20,28,14,64,"ET"
84,"DEC",19,27,13,30,"ET"
85,"JAN",28,30,26,NULL,"AW"
86,"FEB",27,29,24,NULL,"AW"
87,"MAR",27,29,24,NULL,"AW"
88,"APR",27,30,25,NULL,"AW"
89,"MAY",28,30,25,NULL,"AW"
90,"JUN",28,31,26,NULL,"AW"
91,"JUL",29,31,26,NULL,"AW"
92,"AUG",28,31,26,NULL,"AW"
93,"SEP",29,31,26,NULL,"AW"
94,"OCT",29,31,26,NULL,"AW"
95,"NOV",29,31,26,NULL,"AW"
96,"DEC",28,30,26,NULL,"AW"
97,"JAN",15,21,10,635,"AR"
98,"FEB",22,28,16,71,"AR"
99,"MAR",21,27,15,69,"AR"
100,"APR",19,25,13,77,"AR"
101,"MAY",15,21,10,54,"AR"
102,"JUN",12,17,7,39,"AR"
103,"JUL",9,14,4,29,"AR"
104,"AUG",8,14,4,27,"AR"
105,"SEP",10,16,5,25,"AR"
106,"OCT",12,18,7,35,"AR"
107,"NOV",15,22,10,55,"AR"
108,"DEC",18,24,12,59,"AR"
109,"JAN",21,26,12,1195,"BO"
110,"FEB",23,26,15,198,"BO"
111,"MAR",22,27,15,173,"BO"
112,"APR",22,27,15,148,"BO"
113,"MAY",21,26,13,85,"BO"
114,"JUN",19,24,10,52,"BO"
115,"JUL",18,24,8,35,"BO"
116,"AUG",18,24,8,28,"BO"
117,"SEP",20,26,9,30,"BO"
118,"OCT",21,27,12,51,"BO"
119,"NOV",23,28,13,89,"BO"
120,"DEC",23,27,14,126,"BO"
121,"JAN",24,30,20,1797,"CM"
122,"FEB",24,30,19,18,"CM"
123,"MAR",25,31,20,37,"CM"
124,"APR",25,32,21,106,"CM"
125,"MAY",25,32,21,149,"CM"
126,"JUN",25,31,21,194,"CM"
127,"JUL",24,29,20,195,"CM"
128,"AUG",23,28,20,206,"CM"
129,"SEP",23,27,20,236,"CM"
130,"OCT",23,28,19,287,"CM"
131,"NOV",24,29,19,254,"CM"
132,"DEC",24,30,19,84,"CM"
133,"JAN",27,22,24,2224,"MP"
134,"FEB",26,29,23,124,"MP"
135,"MAR",26,29,23,112,"MP"
136,"APR",27,30,23,127,"MP"
137,"MAY",27,30,24,126,"MP"
138,"JUN",28,31,24,130,"MP"
139,"JUL",28,31,25,139,"MP"
140,"AUG",28,31,24,295,"MP"
141,"SEP",27,31,24,318,"MP"
142,"OCT",28,31,24,302,"MP"
143,"NOV",27,31,24,246,"MP"
144,"DEC",27,30,24,174,"MP"
145,"JAN",17,16,12,1671,"SH"
146,"FEB",19,19,14,109,"SH"
147,"MAR",20,20,15,96,"SH"
148,"APR",19,19,15,131,"SH"
149,"MAY",19,18,14,148,"SH"
150,"JUN",17,17,12,148,"SH"
151,"JUL",16,15,11,168,"SH"
152,"AUG",15,14,10,148,"SH"
153,"SEP",15,14,10,163,"SH"
154,"OCT",15,14,10,147,"SH"
155,"NOV",15,15,10,148,"SH"
156,"DEC",16,16,12,130,"SH"
157,"JAN",8,13,4,918,"KP"
158,"FEB",-8,-3,-11,14,"KP"
159,"MAR",-5,0,-9,14,"KP"
160,"APR",1,6,-3,24,"KP"
161,"MAY",8,13,3,45,"KP"
162,"JUN",13,19,9,70,"KP"
163,"JUL",18,23,14,101,"KP"
164,"AUG",21,25,19,219,"KP"
165,"SEP",22,26,19,213,"KP"
166,"OCT",16,22,12,108,"KP"
167,"NOV",10,16,5,45,"KP"
168,"DEC",2,7,-1,36,"KP"
169,"JAN",27,29,25,1007,"GH"
170,"FEB",27,29,25,7,"GH"
171,"MAR",29,31,27,15,"GH"
172,"APR",29,31,27,45,"GH"
173,"MAY",29,30,27,85,"GH"
174,"JUN",28,29,26,131,"GH"
175,"JUL",26,28,25,168,"GH"
176,"AUG",25,27,24,125,"GH"
177,"SEP",25,26,23,127,"GH"
178,"OCT",26,27,24,149,"GH"
179,"NOV",26,28,25,85,"GH"
180,"DEC",27,29,25,25,"GH"
181,"JAN",25,29,21,2759,"PG"
182,"FEB",26,29,22,269,"PG"
183,"MAR",26,30,21,229,"PG"
184,"APR",25,29,22,272,"PG"
185,"MAY",25,29,22,259,"PG"
186,"JUN",25,29,21,219,"PG"
187,"JUL",25,29,21,189,"PG"
188,"AUG",24,28,21,216,"PG"
189,"SEP",25,28,21,191,"PG"
190,"OCT",25,29,21,181,"PG"
191,"NOV",25,29,21,228,"PG"
192,"DEC",25,30,21,222,"PG"
193,"JAN",14,18,10,1732,"JP"
194,"FEB",4,7,0,89,"JP"
195,"MAR",4,8,1,86,"JP"
196,"APR",7,11,3,113,"JP"
197,"MAY",12,16,8,136,"JP"
198,"JUN",16,21,12,156,"JP"
199,"JUL",20,24,17,216,"JP"
200,"AUG",24,27,21,185,"JP"
201,"SEP",25,29,22,168,"JP"
202,"OCT",22,25,18,205,"JP"
203,"NOV",16,20,12,154,"JP"
204,"DEC",11,15,7,110,"JP"
205,"JAN",12,17,8,1169,"NZ"
206,"FEB",16,21,12,87,"NZ"
207,"MAR",17,21,12,88,"NZ"
208,"APR",15,20,11,86,"NZ"
209,"MAY",13,17,8,95,"NZ"
210,"JUN",10,14,6,108,"NZ"
211,"JUL",8,12,4,105,"NZ"
212,"AUG",7,11,3,102,"NZ"
213,"SEP",8,12,4,101,"NZ"
214,"OCT",10,14,5,86,"NZ"
215,"NOV",12,16,7,95,"NZ"
216,"DEC",13,18,9,85,"NZ"
217,"JAN",8,13,4,1273,"SI"
218,"FEB",-1,2,-4,61,"SI"
219,"MAR",0,4,-3,60,"SI"
220,"APR",4,8,0,80,"SI"
221,"MAY",8,12,3,95,"SI"
222,"JUN",12,17,8,122,"SI"
223,"JUL",16,21,11,126,"SI"
224,"AUG",18,23,13,112,"SI"
225,"SEP",17,23,12,128,"SI"
226,"OCT",14,19,9,128,"SI"
227,"NOV",9,13,5,139,"SI"
228,"DEC",4,7,1,113,"SI"
229,"JAN",21,28,21,1586,"GT"
230,"FEB",19,27,19,49,"GT"
231,"MAR",20,28,19,37,"GT"
232,"APR",21,29,20,37,"GT"
233,"MAY",22,30,21,55,"GT"
234,"JUN",23,29,22,145,"GT"
235,"JUL",22,28,22,247,"GT"
236,"AUG",22,28,22,218,"GT"
237,"SEP",22,29,22,200,"GT"
238,"OCT",21,28,21,253,"GT"
239,"NOV",21,27,22,196,"GT"
240,"DEC",20,28,21,92,"GT"
241,"JAN",6,8,5,1470,"FO"
242,"FEB",3,5,1,160,"FO"
243,"MAR",3,5,2,130,"FO"
244,"APR",3,5,2,120,"FO"
245,"MAY",5,6,3,90,"FO"
246,"JUN",7,8,5,70,"FO"
247,"JUL",8,10,7,60,"FO"
248,"AUG",10,11,8,80,"FO"
249,"SEP",11,12,9,90,"FO"
250,"OCT",8,10,7,130,"FO"
251,"NOV",7,8,6,160,"FO"
252,"DEC",5,6,3,160,"FO"
253,"JAN",25,32,19,106,"KW"
254,"FEB",12,17,7,24,"KW"
255,"MAR",15,20,9,17,"KW"
256,"APR",19,25,13,14,"KW"
257,"MAY",24,31,19,12,"KW"
258,"JUN",30,38,25,4,"KW"
259,"JUL",35,43,28,NULL,"KW"
260,"AUG",36,45,30,NULL,"KW"
261,"SEP",36,44,29,NULL,"KW"
262,"OCT",33,41,25,NULL,"KW"
263,"NOV",27,34,20,1,"KW"
264,"DEC",20,26,14,15,"KW"
265,"JAN",19,24,13,211,"JO"
266,"FEB",9,12,4,44,"JO"
267,"MAR",10,14,6,41,"JO"
268,"APR",13,18,8,34,"JO"
269,"MAY",18,23,13,12,"JO"
270,"JUN",22,28,16,2,"JO"
271,"JUL",25,31,19,0,"JO"
272,"AUG",27,33,21,NULL,"JO"
273,"SEP",27,32,21,NULL,"JO"
274,"OCT",25,31,19,0,"JO"
275,"NOV",22,27,15,5,"JO"
276,"DEC",15,20,10,22,"JO"
277,"JAN",25,NULL,NULL,1936,"DM"
278,"FEB",24,NULL,NULL,106,"DM"
279,"MAR",24,NULL,NULL,70,"DM"
280,"APR",24,NULL,NULL,67,"DM"
281,"MAY",25,NULL,NULL,80,"DM"
282,"JUN",26,NULL,NULL,147,"DM"
283,"JUL",26,NULL,NULL,181,"DM"
284,"AUG",26,NULL,NULL,232,"DM"
285,"SEP",26,NULL,NULL,233,"DM"
286,"OCT",26,NULL,NULL,240,"DM"
287,"NOV",26,NULL,NULL,216,"DM"
288,"DEC",25,NULL,NULL,225,"DM"
289,"JAN",26,30,22,3908,"LR"
290,"FEB",26,31,22,30,"LR"
291,"MAR",26,31,22,32,"LR"
292,"APR",27,32,23,77,"LR"
293,"MAY",27,31,23,164,"LR"
294,"JUN",26,31,23,318,"LR"
295,"JUL",25,29,22,606,"LR"
296,"AUG",24,26,22,657,"LR"
297,"SEP",24,26,22,596,"LR"
298,"OCT",25,27,22,710,"LR"
299,"NOV",25,29,22,452,"LR"
300,"DEC",26,30,22,152,"LR"
301,"JAN",26,NULL,NULL,3099,"WF"
302,"FEB",27,NULL,NULL,331,"WF"
303,"MAR",27,NULL,NULL,316,"WF"
304,"APR",27,NULL,NULL,345,"WF"
305,"MAY",27,NULL,NULL,271,"WF"
306,"JUN",27,NULL,NULL,238,"WF"
307,"JUL",26,NULL,NULL,169,"WF"
308,"AUG",26,NULL,NULL,181,"WF"
309,"SEP",26,NULL,NULL,147,"WF"
310,"OCT",26,NULL,NULL,178,"WF"
311,"NOV",26,NULL,NULL,303,"WF"
312,"DEC",26,NULL,NULL,290,"WF"
313,"JAN",22,29,15,393,"PK"
314,"FEB",11,17,4,26,"PK"
315,"MAR",13,20,7,28,"PK"
316,"APR",18,25,11,38,"PK"
317,"MAY",23,31,16,26,"PK"
318,"JUN",28,36,21,17,"PK"
319,"JUL",31,38,25,19,"PK"
320,"AUG",30,36,25,88,"PK"
321,"SEP",29,35,24,77,"PK"
322,"OCT",27,34,21,32,"PK"
323,"NOV",23,31,15,8,"PK"
324,"DEC",17,25,9,6,"PK"
325,"JAN",26,31,23,71,"OM"
326,"FEB",20,24,15,7,"OM"
327,"MAR",21,25,17,5,"OM"
328,"APR",24,28,19,7,"OM"
329,"MAY",28,33,23,7,"OM"
330,"JUN",31,36,27,2,"OM"
331,"JUL",33,37,28,4,"OM"
332,"AUG",32,36,28,7,"OM"
333,"SEP",31,35,27,7,"OM"
334,"OCT",30,34,26,1,"OM"
335,"NOV",28,32,23,1,"OM"
336,"DEC",24,29,19,1,"OM"
337,"JAN",22,27,17,1126,"TZ"
338,"FEB",24,29,19,112,"TZ"
339,"MAR",24,29,19,106,"TZ"
340,"APR",24,29,19,158,"TZ"
341,"MAY",23,27,19,229,"TZ"
342,"JUN",22,26,17,151,"TZ"
343,"JUL",21,26,16,31,"TZ"
344,"AUG",20,26,15,18,"TZ"
345,"SEP",21,26,16,17,"TZ"
346,"OCT",22,28,17,21,"TZ"
347,"NOV",23,29,17,37,"TZ"
348,"DEC",24,29,18,92,"TZ"
349,"JAN",20,27,14,1017,"ZM"
350,"FEB",21,27,17,233,"ZM"
351,"MAR",21,27,17,207,"ZM"
352,"APR",21,27,17,164,"ZM"
353,"MAY",20,27,15,43,"ZM"
354,"JUN",18,26,12,4,"ZM"
355,"JUL",16,24,9,0,"ZM"
356,"AUG",16,25,9,NULL,"ZM"
357,"SEP",18,27,11,0,"ZM"
358,"OCT",22,30,15,2,"ZM"
359,"NOV",24,32,17,24,"ZM"
360,"DEC",23,30,18,110,"ZM"
361,"JAN",25,29,22,2918,"GF"
362,"FEB",25,28,22,321,"GF"
363,"MAR",25,28,22,269,"GF"
364,"APR",25,28,23,332,"GF"
365,"MAY",26,29,23,343,"GF"
366,"JUN",26,28,23,457,"GF"
367,"JUL",25,29,22,340,"GF"
368,"AUG",25,29,21,198,"GF"
369,"SEP",26,30,22,124,"GF"
370,"OCT",26,31,22,65,"GF"
371,"NOV",26,31,22,64,"GF"
372,"DEC",26,31,22,123,"GF"
373,"JAN",-4,-4,-8,635,"GL"
374,"FEB",-13,-13,-18,51,"GL"
375,"MAR",-15,-13,-18,50,"GL"
376,"APR",-14,-12,-18,41,"GL"
377,"MAY",-9,-7,-13,41,"GL"
378,"JUN",-2,-1,-5,44,"GL"
379,"JUL",2,4,NULL,43,"GL"
380,"AUG",5,7,2,41,"GL"
381,"SEP",4,6,2,53,"GL"
382,"OCT",1,2,-2,68,"GL"
383,"NOV",-5,-2,-7,65,"GL"
384,"DEC",-9,-8,-12,59,"GL"
385,"JAN",24,28,21,1887,"GA"
386,"FEB",25,29,22,146,"GA"
387,"MAR",25,30,22,163,"GA"
388,"APR",26,30,22,232,"GA"
389,"MAY",26,30,22,209,"GA"
390,"JUN",25,29,22,181,"GA"
391,"JUL",23,27,21,38,"GA"
392,"AUG",22,26,20,6,"GA"
393,"SEP",23,26,20,17,"GA"
394,"OCT",24,27,21,112,"GA"
395,"NOV",25,28,22,292,"GA"
396,"DEC",25,28,22,293,"GA"
397,"JAN",25,27,22,2061,"NU"
398,"FEB",26,28,23,264,"NU"
399,"MAR",27,29,24,256,"NU"
400,"APR",26,28,24,308,"NU"
401,"MAY",25,27,23,203,"NU"
402,"JUN",25,26,22,130,"NU"
403,"JUL",23,26,21,87,"NU"
404,"AUG",22,25,20,95,"NU"
405,"SEP",23,25,20,102,"NU"
406,"OCT",23,26,21,104,"NU"
407,"NOV",24,26,21,123,"NU"
408,"DEC",25,27,22,142,"NU"
409,"JAN",27,NULL,NULL,1789,"MC"
410,"FEB",26,NULL,NULL,145,"MC"
411,"MAR",26,NULL,NULL,88,"MC"
412,"APR",26,NULL,NULL,65,"MC"
413,"MAY",26,NULL,NULL,71,"MC"
414,"JUN",27,NULL,NULL,114,"MC"
415,"JUL",28,NULL,NULL,152,"MC"
416,"AUG",28,NULL,NULL,122,"MC"
417,"SEP",28,NULL,NULL,161,"MC"
418,"OCT",29,NULL,NULL,192,"MC"
419,"NOV",28,NULL,NULL,235,"MC"
420,"DEC",28,NULL,NULL,229,"MC"
421,"JAN",24,27,21,2664,"VU"
422,"FEB",26,29,23,321,"VU"
423,"MAR",26,29,23,280,"VU"
424,"APR",26,29,23,348,"VU"
425,"MAY",25,28,22,272,"VU"
426,"JUN",24,27,21,227,"VU"
427,"JUL",23,26,20,164,"VU"
428,"AUG",22,25,19,138,"VU"
429,"SEP",22,25,19,132,"VU"
430,"OCT",23,26,20,155,"VU"
431,"NOV",23,27,20,169,"VU"
432,"DEC",25,28,21,190,"VU"
433,"JAN",27,30,24,52,"YE"
434,"FEB",23,26,20,4,"YE"
435,"MAR",24,27,21,1,"YE"
436,"APR",25,28,23,7,"YE"
437,"MAY",27,30,24,1,"YE"
438,"JUN",29,32,26,1,"YE"
439,"JUL",30,34,27,1,"YE"
440,"AUG",30,33,27,3,"YE"
441,"SEP",29,33,27,3,"YE"
442,"OCT",30,32,27,1,"YE"
443,"NOV",27,30,24,0,"YE"
444,"DEC",25,28,21,3,"YE"
445,"JAN",26,31,23,1307,"JM"
446,"FEB",24,29,21,53,"JM"
447,"MAR",24,29,21,41,"JM"
448,"APR",25,29,22,44,"JM"
449,"MAY",25,30,23,61,"JM"
450,"JUN",26,30,23,147,"JM"
451,"JUL",27,31,24,138,"JM"
452,"AUG",27,32,24,81,"JM"
453,"SEP",27,32,24,135,"JM"
454,"OCT",27,31,24,159,"JM"
455,"NOV",26,31,24,230,"JM"
456,"DEC",26,30,23,128,"JM"
457,"JAN",17,22,11,674,"ZA"
458,"FEB",21,27,16,80,"ZA"
459,"MAR",21,27,16,76,"ZA"
460,"APR",20,25,15,77,"ZA"
461,"MAY",17,23,11,51,"ZA"
462,"JUN",14,20,8,38,"ZA"
463,"JUL",12,18,6,31,"ZA"
464,"AUG",11,18,5,29,"ZA"
465,"SEP",13,20,6,32,"ZA"
466,"OCT",15,22,9,39,"ZA"
467,"NOV",17,23,11,59,"ZA"
468,"DEC",19,25,13,73,"ZA"
469,"JAN",13,19,9,1397,"AL"
470,"FEB",5,9,2,171,"AL"
471,"MAR",6,10,2,155,"AL"
472,"APR",8,12,3,121,"AL"
473,"MAY",12,16,7,112,"AL"
474,"JUN",16,21,12,98,"AL"
475,"JUL",20,26,15,51,"AL"
476,"AUG",23,29,17,27,"AL"
477,"SEP",23,30,18,30,"AL"
478,"OCT",19,25,14,75,"AL"
479,"NOV",15,20,10,139,"AL"
480,"DEC",10,14,7,210,"AL"
481,"JAN",26,29,23,2856,"WS"
482,"FEB",26,30,23,441,"WS"
483,"MAR",26,29,24,374,"WS"
484,"APR",26,30,23,349,"WS"
485,"MAY",26,30,23,245,"WS"
486,"JUN",26,29,23,165,"WS"
487,"JUL",26,29,23,125,"WS"
488,"AUG",26,29,23,87,"WS"
489,"SEP",25,28,23,89,"WS"
490,"OCT",25,28,23,135,"WS"
491,"NOV",26,29,23,181,"WS"
492,"DEC",26,30,23,261,"WS"
493,"JAN",23,30,22,1858,"SV"
494,"FEB",22,30,21,9,"SV"
495,"MAR",23,30,21,3,"SV"
496,"APR",24,31,22,14,"SV"
497,"MAY",24,31,23,48,"SV"
498,"JUN",24,30,23,159,"SV"
499,"JUL",24,29,23,329,"SV"
500,"AUG",24,30,22,308,"SV"
501,"SEP",24,30,22,335,"SV"
502,"OCT",23,29,22,365,"SV"
503,"NOV",23,29,22,230,"SV"
504,"DEC",23,29,21,42,"SV"
505,"JAN",27,18,23,2298,"GU"
506,"FEB",26,29,23,123,"GU"
507,"MAR",26,29,23,102,"GU"
508,"APR",26,29,23,89,"GU"
509,"MAY",27,30,23,100,"GU"
510,"JUN",27,30,24,125,"GU"
511,"JUL",27,30,24,153,"GU"
512,"AUG",27,30,24,253,"GU"
513,"SEP",27,30,23,341,"GU"
514,"OCT",27,30,23,308,"GU"
515,"NOV",27,30,24,295,"GU"
516,"DEC",27,30,24,238,"GU"
517,"JAN",24,30,19,1415,"IN"
518,"FEB",18,24,12,15,"IN"
519,"MAR",20,26,14,17,"IN"
520,"APR",24,30,17,24,"IN"
521,"MAY",27,34,22,49,"IN"
522,"JUN",29,35,24,96,"IN"
523,"JUL",29,34,25,241,"IN"
524,"AUG",27,31,24,327,"IN"
525,"SEP",27,31,24,267,"IN"
526,"OCT",27,31,23,191,"IN"
527,"NOV",25,31,20,95,"IN"
528,"DEC",22,28,16,44,"IN"
529,"JAN",13,18,9,626,"AZ"
530,"FEB",2,6,-1,31,"AZ"
531,"MAR",3,7,NULL,30,"AZ"
532,"APR",6,11,2,55,"AZ"
533,"MAY",12,17,7,57,"AZ"
534,"JUN",17,23,12,41,"AZ"
535,"JUL",22,27,16,61,"AZ"
536,"AUG",25,30,19,27,"AZ"
537,"SEP",24,30,19,29,"AZ"
538,"OCT",20,25,15,82,"AZ"
539,"NOV",15,19,10,93,"AZ"
540,"DEC",9,13,5,59,"AZ"
541,"JAN",18,23,14,378,"CY"
542,"FEB",11,15,7,73,"CY"
543,"MAR",11,16,7,56,"CY"
544,"APR",13,17,8,42,"CY"
545,"MAY",16,21,11,17,"CY"
546,"JUN",20,25,15,13,"CY"
547,"JUL",24,28,19,3,"CY"
548,"AUG",27,31,21,0,"CY"
549,"SEP",27,32,21,1,"CY"
550,"OCT",25,30,19,2,"CY"
551,"NOV",21,26,16,22,"CY"
552,"DEC",17,21,12,42,"CY"
553,"JAN",11,17,4,325,"TJ"
554,"FEB",-3,2,-7,29,"TJ"
555,"MAR",-1,4,-5,41,"TJ"
556,"APR",5,10,0,63,"TJ"
557,"MAY",11,17,6,53,"TJ"
558,"JUN",16,22,9,34,"TJ"
559,"JUL",20,28,13,5,"TJ"
560,"AUG",23,31,16,3,"TJ"
561,"SEP",22,30,14,0,"TJ"
562,"OCT",17,26,9,1,"TJ"
563,"NOV",11,18,4,17,"TJ"
564,"DEC",4,10,-1,23,"TJ"
565,"JAN",26,30,23,3210,"SB"
566,"FEB",27,30,23,334,"SB"
567,"MAR",27,30,23,341,"SB"
568,"APR",26,30,23,365,"SB"
569,"MAY",27,30,23,259,"SB"
570,"JUN",26,30,23,240,"SB"
571,"JUL",26,30,23,193,"SB"
572,"AUG",26,29,23,254,"SB"
573,"SEP",26,29,23,248,"SB"
574,"OCT",26,30,23,231,"SB"
575,"NOV",26,30,23,235,"SB"
576,"DEC",26,30,23,226,"SB"
577,"JAN",12,18,7,646,"TR"
578,"FEB",2,6,-2,88,"TR"
579,"MAR",3,7,-1,71,"TR"
580,"APR",7,11,2,65,"TR"
581,"MAY",11,17,6,59,"TR"
582,"JUN",16,22,10,50,"TR"
583,"JUL",20,26,13,32,"TR"
584,"AUG",23,30,16,16,"TR"
585,"SEP",23,29,16,16,"TR"
586,"OCT",19,26,13,24,"TR"
587,"NOV",14,20,8,52,"TR"
588,"DEC",9,14,4,71,"TR"
589,"JAN",16,23,9,250,"AF"
590,"FEB",3,9,-2,31,"AF"
591,"MAR",5,12,0,38,"AF"
592,"APR",10,17,5,58,"AF"
593,"MAY",16,22,9,54,"AF"
594,"JUN",21,29,13,11,"AF"
595,"JUL",27,35,18,0,"AF"
596,"AUG",29,37,21,2,"AF"
597,"SEP",27,35,19,0,"AF"
598,"OCT",23,31,14,0,"AF"
599,"NOV",16,25,7,1,"AF"
600,"DEC",9,17,1,9,"AF"
601,"JAN",27,33,21,922,"SS"
602,"FEB",28,35,22,1,"SS"
603,"MAR",28,35,21,5,"SS"
604,"APR",29,36,22,18,"SS"
605,"MAY",29,36,23,52,"SS"
606,"JUN",28,34,22,107,"SS"
607,"JUL",26,32,21,128,"SS"
608,"AUG",25,30,21,168,"SS"
609,"SEP",25,30,21,172,"SS"
610,"OCT",26,31,21,134,"SS"
611,"NOV",27,33,21,93,"SS"
612,"DEC",27,34,20,18,"SS"
613,"JAN",25,30,20,2172,"BD"
614,"FEB",18,25,12,8,"BD"
615,"MAR",21,28,14,17,"BD"
616,"APR",25,32,19,41,"BD"
617,"MAY",28,33,23,107,"BD"
618,"JUN",28,33,24,237,"BD"
619,"JUL",28,31,25,430,"BD"
620,"AUG",28,30,25,459,"BD"
621,"SEP",28,31,25,383,"BD"
622,"OCT",28,31,25,273,"BD"
623,"NOV",27,31,23,170,"BD"
624,"DEC",23,28,18,31,"BD"
625,"JAN",27,33,22,158,"MR"
626,"FEB",21,26,16,1,"MR"
627,"MAR",23,29,17,1,"MR"
628,"APR",25,31,20,1,"MR"
629,"MAY",28,34,22,1,"MR"
630,"JUN",30,36,24,1,"MR"
631,"JUL",31,37,26,10,"MR"
632,"AUG",31,36,26,32,"MR"
633,"SEP",31,36,26,56,"MR"
634,"OCT",30,36,26,34,"MR"
635,"NOV",29,35,24,9,"MR"
636,"DEC",26,31,21,2,"MR"
637,"JAN",23,26,20,1263,"NC"
638,"FEB",26,29,23,145,"NC"
639,"MAR",26,29,23,149,"NC"
640,"APR",25,28,23,160,"NC"
641,"MAY",24,27,21,103,"NC"
642,"JUN",22,26,19,89,"NC"
643,"JUL",21,24,18,114,"NC"
644,"AUG",20,23,17,106,"NC"
645,"SEP",20,23,16,80,"NC"
646,"OCT",20,24,17,70,"NC"
647,"NOV",22,26,18,56,"NC"
648,"DEC",23,27,20,69,"NC"
649,"JAN",1,6,-6,230,"MN"
650,"FEB",-21,-13,-26,2,"MN"
651,"MAR",-17,-9,-23,2,"MN"
652,"APR",-8,0,-13,3,"MN"
653,"MAY",2,8,-5,6,"MN"
654,"JUN",9,16,2,12,"MN"
655,"JUL",15,21,8,39,"MN"
656,"AUG",17,23,11,65,"MN"
657,"SEP",15,22,9,53,"MN"
658,"OCT",9,16,2,22,"MN"
659,"NOV",1,8,-6,7,"MN"
660,"DEC",-10,-3,-14,3,"MN"
661,"JAN",10,15,7,739,"FR"
662,"FEB",3,7,1,60,"FR"
663,"MAR",4,8,1,53,"FR"
664,"APR",7,12,3,51,"FR"
665,"MAY",9,14,5,50,"FR"
666,"JUN",13,18,9,59,"FR"
667,"JUL",16,21,12,56,"FR"
668,"AUG",18,23,14,49,"FR"
669,"SEP",18,23,14,57,"FR"
670,"OCT",16,20,12,62,"FR"
671,"NOV",11,16,8,74,"FR"
672,"DEC",7,10,4,69,"FR"
673,"JAN",21,24,20,1434,"BM"
674,"FEB",17,20,16,114,"BM"
675,"MAR",17,20,15,115,"BM"
676,"APR",17,20,15,113,"BM"
677,"MAY",18,21,17,92,"BM"
678,"JUN",21,24,20,99,"BM"
679,"JUL",24,27,22,115,"BM"
680,"AUG",26,29,25,108,"BM"
681,"SEP",27,30,25,131,"BM"
682,"OCT",26,28,24,127,"BM"
683,"NOV",24,26,22,157,"BM"
684,"DEC",21,23,19,115,"BM"
685,"JAN",5,9,1,726,"SK"
686,"FEB",-5,-1,-8,33,"SK"
687,"MAR",-4,0,-7,35,"SK"
688,"APR",0,5,-4,37,"SK"
689,"MAY",4,9,-1,49,"SK"
690,"JUN",9,14,4,76,"SK"
691,"JUL",12,17,7,104,"SK"
692,"AUG",14,19,9,94,"SK"
693,"SEP",14,19,8,84,"SK"
694,"OCT",10,15,5,55,"SK"
695,"NOV",6,10,1,45,"SK"
696,"DEC",0,4,-3,53,"SK"
697,"JAN",26,31,21,272,"SO"
698,"FEB",24,29,18,1,"SO"
699,"MAR",25,30,18,1,"SO"
700,"APR",26,31,20,8,"SO"
701,"MAY",27,32,22,52,"SO"
702,"JUN",27,32,22,58,"SO"
703,"JUL",27,32,22,24,"SO"
704,"AUG",27,31,22,17,"SO"
705,"SEP",27,31,22,15,"SO"
706,"OCT",27,32,22,14,"SO"
707,"NOV",26,31,21,39,"SO"
708,"DEC",25,30,19,25,"SO"
709,"JAN",19,25,17,773,"PE"
710,"FEB",21,27,18,96,"PE"
711,"MAR",21,27,19,92,"PE"
712,"APR",21,27,19,97,"PE"
713,"MAY",20,26,18,67,"PE"
714,"JUN",19,25,16,45,"PE"
715,"JUL",18,24,15,32,"PE"
716,"AUG",18,23,14,28,"PE"
717,"SEP",18,24,15,30,"PE"
718,"OCT",18,24,15,42,"PE"
719,"NOV",19,24,16,71,"PE"
720,"DEC",20,25,16,76,"PE"
721,"JAN",25,30,20,1617,"LA"
722,"FEB",22,28,18,4,"LA"
723,"MAR",23,30,16,16,"LA"
724,"APR",25,32,19,32,"LA"
725,"MAY",27,34,22,87,"LA"
726,"JUN",27,32,23,190,"LA"
727,"JUL",27,31,23,236,"LA"
728,"AUG",26,30,23,310,"LA"
729,"SEP",26,30,23,343,"LA"
730,"OCT",26,30,22,277,"LA"
731,"NOV",25,30,20,70,"LA"
732,"DEC",23,29,17,20,"LA"
733,"JAN",27,30,25,2063,"NR"
734,"FEB",27,30,25,276,"NR"
735,"MAR",27,30,25,245,"NR"
736,"APR",27,30,25,191,"NR"
737,"MAY",27,30,25,178,"NR"
738,"JUN",27,30,25,121,"NR"
739,"JUL",27,30,25,117,"NR"
740,"AUG",27,30,25,157,"NR"
741,"SEP",27,30,25,140,"NR"
742,"OCT",27,30,25,121,"NR"
743,"NOV",28,31,25,106,"NR"
744,"DEC",28,31,25,134,"NR"
745,"JAN",27,28,25,2331,"SC"
746,"FEB",27,28,25,385,"SC"
747,"MAR",27,29,26,274,"SC"
748,"APR",28,30,26,220,"SC"
749,"MAY",28,30,26,183,"SC"
750,"JUN",28,30,26,160,"SC"
751,"JUL",27,28,25,88,"SC"
752,"AUG",26,27,24,76,"SC"
753,"SEP",26,27,24,72,"SC"
754,"OCT",26,28,25,133,"SC"
755,"NOV",27,28,25,165,"SC"
756,"DEC",27,29,25,222,"SC"
757,"JAN",3,6,1,897,"NO"
758,"FEB",-4,-2,-6,79,"NO"
759,"MAR",-4,-2,-6,60,"NO"
760,"APR",-2,1,-4,62,"NO"
761,"MAY",1,4,-1,45,"NO"
762,"JUN",6,9,4,46,"NO"
763,"JUL",10,12,7,56,"NO"
764,"AUG",12,15,10,65,"NO"
765,"SEP",11,14,9,83,"NO"
766,"OCT",8,10,5,96,"NO"
767,"NOV",4,6,2,102,"NO"
768,"DEC",0,2,-2,90,"NO"
769,"JAN",20,26,15,1045,"MW"
770,"FEB",22,26,18,227,"MW"
771,"MAR",22,26,18,203,"MW"
772,"APR",22,26,17,194,"MW"
773,"MAY",21,26,16,82,"MW"
774,"JUN",19,24,13,16,"MW"
775,"JUL",17,23,11,7,"MW"
776,"AUG",16,22,10,5,"MW"
777,"SEP",18,24,11,2,"MW"
778,"OCT",20,27,14,2,"MW"
779,"NOV",23,29,17,16,"MW"
780,"DEC",23,29,18,80,"MW"
781,"JAN",26,31,22,1166,"BJ"
782,"FEB",26,32,21,6,"BJ"
783,"MAR",28,34,23,15,"BJ"
784,"APR",29,34,24,52,"BJ"
785,"MAY",29,34,24,95,"BJ"
786,"JUN",27,32,23,141,"BJ"
787,"JUL",26,30,22,181,"BJ"
788,"AUG",25,28,22,171,"BJ"
789,"SEP",25,28,22,168,"BJ"
790,"OCT",25,28,22,189,"BJ"
791,"NOV",26,30,22,117,"BJ"
792,"DEC",26,32,21,19,"BJ"
793,"JAN",25,30,25,1773,"LK"
794,"FEB",24,28,23,111,"LK"
795,"MAR",25,29,24,61,"LK"
796,"APR",26,30,25,81,"LK"
797,"MAY",27,31,26,147,"LK"
798,"JUN",27,31,26,165,"LK"
799,"JUL",26,31,26,111,"LK"
800,"AUG",26,30,26,90,"LK"
832,"SEP",26,30,26,85,"LK"
833,"OCT",26,30,26,114,"LK"
834,"NOV",25,30,25,265,"LK"
835,"DEC",25,28,24,301,"LK"
836,"JAN",25,29,22,1119,"CU"
837,"FEB",23,26,19,36,"CU"
838,"MAR",23,27,19,35,"CU"
839,"APR",24,28,20,39,"CU"
840,"MAY",25,28,21,55,"CU"
841,"JUN",26,29,22,137,"CU"
842,"JUL",27,31,23,143,"CU"
843,"AUG",27,31,24,99,"CU"
844,"SEP",26,30,23,131,"CU"
845,"OCT",27,31,23,157,"CU"
846,"NOV",26,30,22,169,"CU"
847,"DEC",25,28,21,63,"CU"
848,"JAN",27,33,21,100,"AE"
849,"FEB",19,23,13,23,"AE"
850,"MAR",19,24,14,23,"AE"
851,"APR",22,27,17,13,"AE"
852,"MAY",26,32,20,4,"AE"
853,"JUN",30,37,23,NULL,"AE"
854,"JUL",32,39,26,NULL,"AE"
855,"AUG",34,41,29,1,"AE"
856,"SEP",34,40,29,NULL,"AE"
857,"OCT",32,38,26,NULL,"AE"
858,"NOV",28,35,22,NULL,"AE"
859,"DEC",24,30,18,12,"AE"
860,"JAN",26,30,22,1480,"CI"
861,"FEB",26,31,21,17,"CI"
862,"MAR",27,32,23,39,"CI"
863,"JUN",27,30,23,213,"CI"
864,"JUL",26,29,22,306,"CI"
865,"AUG",25,27,22,151,"CI"
866,"SEP",24,27,22,109,"CI"
867,"OCT",25,27,22,139,"CI"
868,"NOV",26,29,22,136,"CI"
869,"DEC",26,30,22,93,"CI"
870,"JAN",27,31,23,1183,"TG"
871,"FEB",26,32,22,5,"TG"
872,"MAR",28,34,24,17,"TG"
873,"APR",29,34,25,47,"TG"
874,"MAY",29,33,25,89,"TG"
875,"JUN",28,31,24,144,"TG"
876,"JUL",26,29,23,174,"TG"
877,"AUG",25,28,22,185,"TG"
878,"SEP",24,27,22,196,"TG"
879,"OCT",25,29,22,192,"TG"
880,"NOV",26,30,22,109,"TG"
881,"DEC",27,32,22,19,"TG"
882,"JAN",11,16,5,704,"CN"
883,"FEB",-3,2,-8,13,"CN"
884,"MAR",0,5,-6,20,"CN"
885,"APR",5,11,0,33,"CN"
886,"MAY",12,18,6,52,"CN"
887,"JUN",17,22,11,80,"CN"
888,"JUL",21,26,15,105,"CN"
889,"AUG",23,28,18,123,"CN"
890,"SEP",22,27,17,112,"CN"
891,"OCT",18,23,13,72,"CN"
892,"NOV",12,17,6,41,"CN"
893,"DEC",5,10,0,22,"CN"
894,"JAN",18,21,16,1320,"NF"
895,"FEB",22,25,19,80,"NF"
896,"MAR",22,25,20,95,"NF"
897,"APR",21,24,19,95,"NF"
898,"MAY",20,22,18,120,"NF"
899,"JUN",18,21,16,135,"NF"
900,"JUL",17,19,15,135,"NF"
901,"AUG",15,18,13,145,"NF"
902,"SEP",15,18,13,130,"NF"
903,"OCT",16,19,13,90,"NF"
904,"NOV",17,20,15,85,"NF"
905,"DEC",19,22,16,65,"NF"
906,"JAN",10,15,4,384,"AM"
907,"FEB",-5,-1,-9,24,"AM"
908,"MAR",-3,2,-7,27,"AM"
909,"APR",3,8,-2,32,"AM"
910,"MAY",10,16,4,43,"AM"
911,"JUN",15,22,9,65,"AM"
912,"JUL",19,26,12,44,"AM"
913,"AUG",23,30,16,27,"AM"
914,"SEP",23,30,16,21,"AM"
915,"OCT",19,26,11,19,"AM"
916,"NOV",11,18,5,34,"AM"
917,"DEC",4,10,NULL,27,"AM"
918,"JAN",25,30,20,2385,"GQ"
919,"FEB",25,31,20,130,"GQ"
920,"MAR",25,31,20,125,"GQ"
921,"APR",25,31,20,218,"GQ"
922,"MAY",26,31,21,251,"GQ"
923,"JUN",25,30,21,248,"GQ"
924,"JUL",25,30,20,123,"GQ"
925,"AUG",24,28,20,71,"GQ"
926,"SEP",24,29,20,66,"GQ"
927,"OCT",25,29,20,237,"GQ"
928,"NOV",25,30,21,449,"GQ"
929,"DEC",25,29,21,293,"BF"
930,"JAN",27,33,22,792,"BF"
931,"FEB",23,31,18,3,"BF"
932,"MAR",26,34,21,4,"BF"
933,"APR",29,37,24,12,"BF"
934,"MAY",31,37,27,32,"BF"
935,"JUN",30,36,26,73,"BF"
936,"JUL",28,33,24,101,"BF"
937,"AUG",27,30,23,161,"BF"
938,"SEP",26,30,22,213,"BF"
939,"OCT",26,31,22,137,"BF"
940,"NOV",27,34,22,43,"BF"
941,"DEC",26,34,21,9,"BF"
942,"JAN",8,12,4,511,"UA"
943,"FEB",-3,-1,-6,35,"UA"
944,"MAR",-2,NULL,-5,32,"UA"
945,"APR",2,5,-1,28,"UA"
946,"MAY",9,13,4,34,"UA"
947,"JUN",15,20,10,45,"UA"
948,"JUL",19,23,13,59,"UA"
949,"AUG",20,25,15,59,"UA"
950,"SEP",20,24,14,46,"UA"
951,"OCT",15,20,10,38,"UA"
952,"NOV",9,13,5,31,"UA"
953,"DEC",3,5,1,39,"UA"
954,"JAN",26,29,23,69,"BH"
955,"FEB",16,18,14,13,"BH"
956,"MAR",18,20,15,14,"BH"
957,"APR",21,23,17,11,"BH"
958,"MAY",25,28,22,3,"BH"
959,"JUN",30,33,26,1,"BH"
960,"JUL",32,36,29,NULL,"BH"
961,"AUG",34,37,31,NULL,"BH"
962,"SEP",34,37,31,NULL,"BH"
963,"OCT",32,36,29,NULL,"BH"
964,"NOV",29,32,26,1,"BH"
965,"DEC",24,27,21,2,"BH"
966,"JAN",23,26,20,1765,"TO"
967,"FEB",25,28,22,179,"TO"
968,"MAR",26,29,22,212,"TO"
969,"APR",26,28,22,240,"TO"
970,"MAY",25,27,21,149,"TO"
971,"JUN",23,26,20,128,"TO"
972,"JUL",22,25,18,99,"TO"
973,"AUG",22,25,17,102,"TO"
974,"SEP",22,24,18,119,"TO"
975,"OCT",22,25,17,115,"TO"
976,"NOV",23,25,19,114,"TO"
977,"DEC",24,27,20,119,"TO"
978,"JAN",20,26,14,179,"LY"
979,"FEB",12,17,7,36,"LY"
980,"MAR",13,19,8,23,"LY"
981,"APR",15,22,10,16,"LY"
982,"MAY",19,26,13,7,"LY"
983,"JUN",22,29,17,2,"LY"
984,"JUL",26,32,20,1,"LY"
985,"AUG",27,33,21,NULL,"LY"
986,"SEP",27,33,22,0,"LY"
987,"OCT",26,32,20,5,"LY"
988,"NOV",22,28,17,18,"LY"
989,"DEC",18,23,12,25,"LY"
990,"JAN",3,6,-1,554,"FI"
991,"FEB",-8,-5,-11,36,"FI"
992,"MAR",-8,-5,-11,27,"FI"
993,"APR",-5,-1,-9,25,"FI"
994,"MAY",1,5,-3,28,"FI"
995,"JUN",7,12,3,34,"FI"
996,"JUL",13,17,8,47,"FI"
997,"AUG",15,20,11,61,"FI"
998,"SEP",14,18,10,71,"FI"
999,"OCT",8,12,5,56,"FI"
1000,"NOV",3,6,1,54,"FI"
1001,"DEC",-2,1,-3,48,"FI"
1002,"JAN",23,27,19,2217,"CR"
1003,"FEB",23,26,19,81,"CR"
1004,"MAR",23,27,19,56,"CR"
1005,"APR",24,28,19,61,"CR"
1006,"MAY",24,29,20,104,"CR"
1007,"JUN",24,28,20,244,"CR"
1008,"JUL",24,28,20,259,"CR"
1009,"AUG",23,27,20,251,"CR"
1010,"SEP",23,27,20,258,"CR"
1011,"OCT",24,28,20,275,"CR"
1012,"NOV",23,27,19,277,"CR"
1013,"DEC",23,27,19,197,"CR"
1014,"JAN",24,26,22,1298,"MU"
1015,"FEB",26,28,24,193,"MU"
1016,"MAR",26,28,24,205,"MU"
1017,"APR",26,28,24,191,"MU"
1018,"MAY",26,27,23,138,"MU"
1019,"JUN",24,26,22,98,"MU"
1020,"JUL",23,25,20,67,"MU"
1021,"AUG",22,24,19,67,"MU"
1022,"SEP",22,24,19,60,"MU"
1023,"OCT",22,25,20,38,"MU"
1024,"NOV",23,26,21,43,"MU"
1025,"DEC",24,27,22,56,"MU"
1026,"JAN",13,NULL,NULL,773,"LI"
1027,"FEB",19,NULL,NULL,127,"LI"
1028,"MAR",18,NULL,NULL,106,"LI"
1029,"APR",17,NULL,NULL,105,"LI"
1030,"MAY",13,NULL,NULL,56,"LI"
1031,"JUN",9,NULL,NULL,26,"LI"
1032,"JUL",7,NULL,NULL,13,"LI"
1033,"AUG",7,NULL,NULL,12,"LI"
1034,"SEP",9,NULL,NULL,20,"LI"
1035,"OCT",13,NULL,NULL,30,"LI"
1036,"NOV",15,NULL,NULL,74,"LI"
1037,"DEC",17,NULL,NULL,99,"LI"
1038,"JAN",6,10,2,612,"BY"
1039,"FEB",-5,-2,-8,35,"BY"
1040,"MAR",-4,-1,-8,30,"BY"
1041,"APR",0,3,-3,30,"BY"
1042,"MAY",6,11,2,39,"BY"
1043,"JUN",12,18,7,53,"BY"
1044,"JUL",16,21,11,78,"BY"
1045,"AUG",17,22,12,82,"BY"
1046,"SEP",16,22,11,69,"BY"
1047,"OCT",12,17,7,54,"BY"
1048,"NOV",7,10,3,43,"BY"
1049,"DEC",1,3,-1,43,"BY"
1050,"JAN",7,10,2,640,"CZ"
1051,"FEB",-2,0,-5,33,"CZ"
1052,"MAR",-1,1,-5,30,"CZ"
1053,"APR",2,5,-2,34,"CZ"
1054,"MAY",6,10,1,42,"CZ"
1055,"JUN",11,15,5,68,"CZ"
1056,"JUL",15,18,9,85,"CZ"
1057,"AUG",16,20,10,82,"CZ"
1058,"SEP",16,20,10,79,"CZ"
1059,"OCT",12,16,7,52,"CZ"
1060,"NOV",7,11,3,41,"CZ"
1061,"DEC",2,4,-1,42,"CZ"
1062,"JAN",13,16,9,836,"SM"
1063,"FEB",5,8,2,59,"SM"
1064,"MAR",4,6,1,59,"SM"
1065,"APR",5,8,2,62,"SM"
1066,"MAY",7,10,4,66,"SM"
1067,"JUN",11,14,7,62,"SM"
1068,"JUL",15,19,11,60,"SM"
1069,"AUG",19,23,15,56,"SM"
1070,"SEP",22,26,18,78,"SM"
1071,"OCT",22,26,18,78,"SM"
1072,"NOV",19,22,15,87,"SM"
1073,"DEC",14,16,11,99,"SM"
1074,"JAN",22,27,18,762,"KE"
1075,"FEB",23,29,18,27,"KE"
1076,"MAR",24,30,19,30,"KE"
1077,"APR",24,30,19,62,"KE"
1078,"MAY",23,28,20,136,"KE"
1079,"JUN",22,27,19,117,"KE"
1080,"JUL",21,26,18,50,"KE"
1081,"AUG",21,25,17,46,"KE"
1082,"SEP",21,26,17,48,"KE"
1083,"OCT",22,27,17,37,"KE"
1084,"NOV",23,28,18,48,"KE"
1085,"DEC",23,28,18,79,"KE"
1086,"JAN",25,28,20,1739,"PF"
1087,"FEB",26,29,23,235,"PF"
1088,"MAR",26,29,23,194,"PF"
1089,"APR",26,29,23,168,"PF"
1090,"MAY",26,29,23,159,"PF"
1091,"JUN",25,28,23,140,"PF"
1092,"JUL",24,27,19,109,"PF"
1093,"AUG",23,26,19,115,"PF"
1094,"SEP",23,26,21,96,"PF"
1095,"OCT",23,27,21,99,"PF"
1096,"NOV",24,27,22,121,"PF"
1097,"DEC",25,28,22,166,"PF"
1098,"JAN",9,14,5,657,"BG"
1099,"FEB",-2,2,-4,48,"BG"
1100,"MAR",-1,4,-3,41,"BG"
1101,"APR",3,8,0,49,"BG"
1102,"MAY",8,13,4,59,"BG"
1103,"JUN",13,18,9,74,"BG"
1104,"JUL",16,22,12,71,"BG"
1105,"AUG",19,25,14,52,"BG"
1106,"SEP",18,25,14,36,"BG"
1107,"OCT",15,22,11,34,"BG"
1108,"NOV",10,16,6,46,"BG"
1109,"DEC",5,8,2,62,"BG"
1110,"JAN",9,14,5,631,"RO"
1111,"FEB",-2,1,-5,33,"RO"
1112,"MAR",-1,2,-4,33,"RO"
1113,"APR",3,9,0,32,"RO"
1114,"MAY",9,14,5,47,"RO"
1115,"JUN",14,20,10,70,"RO"
1116,"JUL",17,23,13,91,"RO"
1117,"AUG",19,25,14,74,"RO"
1118,"SEP",19,25,14,62,"RO"
1119,"OCT",15,22,11,45,"RO"
1120,"NOV",10,15,6,39,"RO"
1121,"DEC",4,7,1,39,"RO"
1122,"JAN",21,28,16,920,"AO"
1123,"FEB",22,28,18,128,"AO"
1124,"MAR",23,28,18,123,"AO"
1125,"APR",23,28,18,159,"AO"
1126,"MAY",22,28,17,108,"AO"
1127,"JUN",21,27,14,16,"AO"
1128,"JUL",18,26,11,1,"AO"
1129,"AUG",18,26,11,0,"AO"
1130,"SEP",19,27,13,4,"AO"
1131,"OCT",21,28,15,21,"AO"
1132,"NOV",22,28,17,73,"AO"
1133,"DEC",22,28,17,132,"AO"
1134,"JAN",26,29,24,2509,"IO"
1135,"FEB",27,30,24,322,"IO"
1136,"MAR",27,30,25,257,"IO"
1137,"APR",27,30,25,215,"IO"
1138,"MAY",28,31,25,185,"IO"
1139,"JUN",27,30,25,134,"IO"
1140,"JUL",26,29,24,153,"IO"
1141,"AUG",26,28,24,143,"IO"
1142,"SEP",26,28,23,144,"IO"
1143,"OCT",26,29,24,227,"IO"
1144,"NOV",26,29,24,254,"IO"
1145,"DEC",27,30,24,214,"IO"
1146,"JAN",27,36,21,681,"TD"
1147,"FEB",24,34,15,NULL,"TD"
1148,"MAR",26,36,17,0,"TD"
1149,"APR",30,39,20,2,"TD"
1150,"MAY",32,40,23,14,"TD"
1151,"JUN",31,39,24,49,"TD"
1152,"JUL",29,37,23,77,"TD"
1153,"AUG",27,34,23,158,"TD"
1154,"SEP",26,33,22,223,"TD"
1155,"OCT",27,34,22,117,"TD"
1156,"NOV",28,36,21,32,"TD"
1157,"DEC",26,35,18,0,"TD"
1158,"JAN",10,14,6,1126,"BA"
1159,"FEB",0,3,-2,91,"BA"
1160,"MAR",2,5,-1,86,"BA"
1161,"APR",6,10,2,84,"BA"
1162,"MAY",9,14,5,89,"BA"
1163,"JUN",14,19,9,90,"BA"
1164,"JUL",17,22,13,96,"BA"
1165,"AUG",20,25,14,71,"BA"
1166,"SEP",20,25,14,71,"BA"
1167,"OCT",16,22,11,79,"BA"
1168,"NOV",11,16,7,100,"BA"
1169,"DEC",6,9,2,123,"BA"
1170,"JAN",5,8,1,568,"SE"
1171,"FEB",-5,-2,-8,36,"SE"
1172,"MAR",-5,-2,-9,26,"SE"
1173,"APR",-2,1,-6,26,"SE"
1174,"MAY",2,6,-2,30,"SE"
1175,"JUN",8,12,3,38,"SE"
1176,"JUL",13,17,8,48,"SE"
1177,"AUG",16,20,11,61,"SE"
1178,"SEP",14,18,10,69,"SE"
1179,"OCT",10,14,6,51,"SE"
1180,"NOV",5,8,2,53,"SE"
1181,"DEC",0,2,-2,46,"SE"
1182,"JAN",27,32,22,80,"QA"
1183,"FEB",17,21,13,10,"QA"
1184,"MAR",18,22,14,20,"QA"
1185,"APR",21,26,17,10,"QA"
1186,"MAY",26,32,21,10,"QA"
1187,"JUN",31,38,26,NULL,"QA"
1188,"JUL",34,41,28,NULL,"QA"
1189,"AUG",35,41,30,NULL,"QA"
1190,"SEP",35,40,30,NULL,"QA"
1191,"OCT",32,38,27,NULL,"QA"
1192,"NOV",29,34,24,NULL,"QA"
1193,"DEC",24,29,20,NULL,"QA"
1194,"JAN",26,30,22,2696,"MY"
1195,"FEB",26,29,22,221,"MY"
1196,"MAR",26,30,22,152,"MY"
1197,"APR",26,31,22,171,"MY"
1198,"MAY",27,31,23,187,"MY"
1199,"JUN",27,31,23,194,"MY"
1200,"JUL",27,31,23,175,"MY"
1201,"AUG",26,31,22,175,"MY"
1202,"SEP",26,31,22,195,"MY"
1203,"OCT",26,31,22,243,"MY"
1204,"NOV",26,30,22,288,"MY"
1205,"DEC",26,30,22,329,"MY"
1206,"JAN",7,11,3,990,"AT"
1207,"FEB",-4,-1,-7,57,"AT"
1208,"MAR",-2,2,-5,47,"AT"
1209,"APR",2,7,-2,56,"AT"
1210,"MAY",7,12,2,72,"AT"
1211,"JUN",11,17,6,95,"AT"
1212,"JUL",14,20,9,115,"AT"
1213,"AUG",16,22,11,127,"AT"
1214,"SEP",16,21,11,113,"AT"
1215,"OCT",13,18,8,85,"AT"
1216,"NOV",7,12,4,76,"AT"
1217,"DEC",2,5,-1,66,"AT"
1218,"JAN",25,29,21,1959,"VN"
1219,"FEB",21,25,17,43,"VN"
1220,"MAR",21,26,18,27,"VN"
1221,"APR",24,28,20,35,"VN"
1222,"MAY",26,30,22,60,"VN"
1223,"JUN",27,31,23,172,"VN"
1224,"JUL",28,31,24,195,"VN"
1225,"AUG",27,31,24,223,"VN"
1226,"SEP",27,31,24,245,"VN"
1227,"OCT",26,30,23,288,"VN"
1228,"NOV",25,28,22,314,"VN"
1229,"DEC",23,27,20,215,"VN"
1230,"JAN",23,29,18,1009,"MZ"
1231,"FEB",25,31,20,216,"MZ"
1232,"MAR",25,31,21,193,"MZ"
1233,"APR",25,30,20,174,"MZ"
1234,"MAY",24,29,19,68,"MZ"
1235,"JUN",22,28,17,25,"MZ"
1236,"JUL",20,26,15,17,"MZ"
1237,"AUG",20,26,14,13,"MZ"
1238,"SEP",21,27,15,10,"MZ"
1239,"OCT",23,29,17,8,"MZ"
1240,"NOV",25,31,19,16,"MZ"
1241,"DEC",25,32,20,66,"MZ"
1242,"JAN",25,31,19,1420,"CF"
1243,"FEB",25,33,18,8,"CF"
1244,"MAR",26,34,19,18,"CF"
1245,"APR",27,34,21,68,"CF"
1246,"MAY",27,33,21,100,"CF"
1247,"JUN",26,31,21,150,"CF"
1248,"JUL",25,30,20,163,"CF"
1249,"AUG",24,29,20,198,"CF"
1250,"SEP",24,29,20,238,"CF"
1251,"OCT",24,29,20,223,"CF"
1252,"NOV",24,30,20,189,"CF"
1253,"DEC",25,31,19,43,"CF"
1254,"JAN",28,34,22,585,"NE"
1255,"FEB",22,28,15,NULL,"NE"
1256,"MAR",25,32,17,0,"NE"
1257,"APR",29,36,22,2,"NE"
1258,"MAY",32,39,25,8,"NE"
1259,"JUN",33,39,27,38,"NE"
1260,"JUL",32,37,26,75,"NE"
1261,"AUG",29,34,25,147,"NE"
1262,"SEP",28,33,24,200,"NE"
1263,"OCT",29,35,24,101,"NE"
1264,"NOV",30,36,23,14,"NE"
1265,"DEC",26,33,19,0,"NE"
1266,"JAN",25,NULL,NULL,1928,"VC"
1267,"FEB",25,NULL,NULL,135,"VC"
1268,"MAR",24,NULL,NULL,103,"VC"
1269,"APR",24,NULL,NULL,72,"VC"
1270,"MAY",24,NULL,NULL,71,"VC"
1271,"JUN",25,NULL,NULL,79,"VC"
1272,"JUL",26,NULL,NULL,150,"VC"
1273,"AUG",26,NULL,NULL,183,"VC"
1274,"SEP",26,NULL,NULL,232,"VC"
1275,"OCT",26,NULL,NULL,232,"VC"
1276,"NOV",26,NULL,NULL,242,"VC"
1277,"DEC",26,NULL,NULL,216,"VC"
1278,"JAN",23,28,19,1492,"BR"
1279,"FEB",25,30,21,167,"BR"
1280,"MAR",25,30,21,172,"BR"
1281,"APR",25,29,21,195,"BR"
1282,"MAY",24,29,20,163,"BR"
1283,"JUN",23,28,18,124,"BR"
1284,"JUL",22,27,17,90,"BR"
1285,"AUG",21,27,17,68,"BR"
1286,"SEP",22,28,17,49,"BR"
1287,"OCT",23,29,19,61,"BR"
1288,"NOV",24,29,20,87,"BR"
1289,"DEC",25,29,20,120,"BR"
1290,"JAN",9,12,6,735,"NL"
1291,"FEB",2,4,1,61,"NL"
1292,"MAR",2,4,NULL,44,"NL"
1293,"APR",5,8,2,46,"NL"
1294,"MAY",8,11,4,37,"NL"
1295,"JUN",12,15,8,42,"NL"
1296,"JUL",15,18,11,52,"NL"
1297,"AUG",17,20,13,78,"NL"
1298,"SEP",16,20,13,76,"NL"
1299,"OCT",14,18,11,71,"NL"
1300,"NOV",11,13,8,67,"NL"
1301,"DEC",6,8,4,56,"NL"
1302,"JAN",9,12,6,769,"GB"
1303,"FEB",4,6,1,73,"GB"
1304,"MAR",4,6,1,50,"GB"
1305,"APR",5,9,3,51,"GB"
1306,"MAY",7,11,4,45,"GB"
1307,"JUN",11,15,7,49,"GB"
1308,"JUL",13,17,10,51,"GB"
1309,"AUG",15,19,12,61,"GB"
1310,"SEP",15,19,12,67,"GB"
1311,"OCT",13,17,10,63,"GB"
1312,"NOV",10,13,7,76,"GB"
1313,"DEC",6,9,4,76,"GB"
1314,"JAN",26,28,24,4061,"GN"
1315,"FEB",26,29,22,1,"GN"
1316,"MAR",27,31,24,1,"GN"
1317,"APR",28,31,26,4,"GN"
1318,"MAY",29,31,27,22,"GN"
1319,"JUN",28,30,26,142,"GN"
1320,"JUL",26,28,24,477,"GN"
1321,"AUG",25,26,23,1235,"GN"
1322,"SEP",25,26,23,1083,"GN"
1323,"OCT",25,27,23,668,"GN"
1324,"NOV",25,27,24,319,"GN"
1325,"DEC",26,29,23,98,"GN"
1326,"JAN",26,30,23,2333,"PA"
1327,"FEB",26,30,23,49,"PA"
1328,"MAR",26,31,24,24,"PA"
1329,"APR",27,31,24,27,"PA"
1330,"MAY",27,31,25,83,"PA"
1331,"JUN",27,30,24,250,"PA"
1332,"JUL",26,30,24,270,"PA"
1333,"AUG",26,30,24,237,"PA"
1334,"SEP",26,30,24,285,"PA"
1335,"OCT",26,30,23,286,"PA"
1336,"NOV",26,29,23,342,"PA"
1337,"DEC",26,29,23,319,"PA"
1338,"JAN",28,34,23,690,"ML"
1339,"FEB",23,29,17,0,"ML"
1340,"MAR",26,32,20,NULL,"ML"
1341,"APR",29,35,23,1,"ML"
1342,"MAY",32,38,26,8,"ML"
1343,"JUN",33,38,28,33,"ML"
1344,"JUL",31,36,27,81,"ML"
1345,"AUG",29,33,25,167,"ML"
1346,"SEP",28,32,24,221,"ML"
1347,"OCT",28,33,25,125,"ML"
1348,"NOV",29,34,24,31,"ML"
1349,"DEC",27,33,21,15,"ML"
1350,"JAN",23,28,19,1492,"MG"
1351,"FEB",26,29,22,301,"MG"
1352,"MAR",25,29,21,264,"MG"
1353,"APR",25,29,21,219,"MG"
1354,"MAY",25,28,20,104,"MG"
1355,"JUN",23,27,18,58,"MG"
1356,"JUL",21,25,17,60,"MG"
1357,"AUG",21,25,16,55,"MG"
1358,"SEP",21,25,16,45,"MG"
1359,"OCT",22,26,17,30,"MG"
1360,"NOV",24,28,19,42,"MG"
1361,"DEC",25,29,20,91,"MG"
1362,"JAN",8,12,5,800,"LU"
1363,"FEB",0,2,-1,66,"LU"
1364,"MAR",1,3,-1,57,"LU"
1365,"APR",4,8,0,52,"LU"
1366,"MAY",7,12,3,53,"LU"
1367,"JUN",12,17,7,63,"LU"
1368,"JUL",15,19,10,68,"LU"
1369,"AUG",17,21,12,72,"LU"
1370,"SEP",16,21,12,70,"LU"
1371,"OCT",13,17,9,64,"LU"
1372,"NOV",9,12,6,65,"LU"
1373,"DEC",4,6,1,71,"LU"
1374,"JAN",8,12,3,967,"AD"
1375,"FEB",NULL,4,-4,71,"AD"
1376,"MAR",1,5,-3,70,"AD"
1377,"APR",3,8,-2,71,"AD"
1378,"MAY",5,10,1,87,"AD"
1379,"JUN",9,14,4,109,"AD"
1380,"JUL",13,18,8,90,"AD"
1381,"AUG",16,22,10,59,"AD"
1382,"SEP",16,22,10,84,"AD"
1383,"OCT",14,19,8,78,"AD"
1384,"NOV",9,14,4,87,"AD"
1385,"DEC",4,8,NULL,87,"AD"
1386,"JAN",18,21,15,830,"GI"
1387,"FEB",13,16,11,120,"GI"
1388,"MAR",13,16,11,100,"GI"
1389,"APR",15,17,12,100,"GI"
1390,"MAY",16,18,13,60,"GI"
1391,"JUN",18,21,15,30,"GI"
1392,"JUL",21,24,17,10,"GI"
1393,"AUG",23,27,20,NULL,"GI"
1394,"SEP",24,27,20,NULL,"GI"
1395,"OCT",22,26,20,20,"GI"
1396,"NOV",19,21,16,70,"GI"
1397,"DEC",16,18,13,140,"GI"
1398,"JAN",9,12,6,1019,"IE"
1399,"FEB",5,7,2,102,"IE"
1400,"MAR",5,8,2,76,"IE"
1401,"APR",6,9,3,73,"IE"
1402,"MAY",8,11,4,59,"IE"
1403,"JUN",10,14,7,63,"IE"
1404,"JUL",13,16,9,64,"IE"
1405,"AUG",14,18,11,72,"IE"
1406,"SEP",14,18,11,88,"IE"
1407,"OCT",12,16,9,87,"IE"
1408,"NOV",10,13,7,102,"IE"
1409,"DEC",7,10,4,99,"IE"
1410,"JAN",21,30,24,3819,"PW"
1411,"FEB",20,29,24,327,"PW"
1412,"MAR",20,29,24,246,"PW"
1413,"APR",21,30,24,217,"PW"
1414,"MAY",21,30,24,230,"PW"
1415,"JUN",21,30,24,320,"PW"
1416,"JUL",21,30,24,402,"PW"
1417,"AUG",21,30,24,437,"PW"
1418,"SEP",21,30,24,367,"PW"
1419,"OCT",21,30,24,298,"PW"
1420,"NOV",21,30,24,330,"PW"
1421,"DEC",21,29,23,300,"PW"
1422,"JAN",26,29,24,1468,"NG"
1423,"FEB",25,28,23,11,"NG"
1424,"MAR",27,30,24,20,"NG"
1425,"APR",29,32,26,54,"NG"
1426,"MAY",29,32,27,97,"NG"
1427,"JUN",28,31,27,158,"NG"
1428,"JUL",27,29,25,211,"NG"
1429,"AUG",25,27,24,244,"NG"
1430,"SEP",25,27,24,238,"NG"
1431,"OCT",26,28,24,235,"NG"
1432,"NOV",26,29,24,134,"NG"
1433,"DEC",26,29,23,40,"NG"
1434,"JAN",19,26,19,1049,"EC"
1435,"FEB",20,26,20,125,"EC"
1436,"MAR",20,27,20,159,"EC"
1437,"APR",20,27,20,171,"EC"
1438,"MAY",20,27,20,145,"EC"
1439,"JUN",20,26,19,89,"EC"
1440,"JUL",19,25,19,60,"EC"
1441,"AUG",19,25,18,38,"EC"
1442,"SEP",19,25,18,35,"EC"
1443,"OCT",19,25,18,44,"EC"
1444,"NOV",19,25,18,58,"EC"
1445,"DEC",19,26,18,52,"EC"
1446,"JAN",27,31,23,3030,"BN"
1447,"FEB",26,30,23,420,"BN"
1448,"MAR",27,30,23,160,"BN"
1449,"APR",27,31,23,140,"BN"
1450,"MAY",28,32,23,110,"BN"
1451,"JUN",28,31,23,200,"BN"
1452,"JUL",27,32,23,300,"BN"
1453,"AUG",27,31,23,210,"BN"
1454,"SEP",27,31,23,210,"BN"
1455,"OCT",27,31,23,290,"BN"
1456,"NOV",27,31,23,290,"BN"
1457,"DEC",27,30,23,360,"BN"
1458,"JAN",17,24,12,781,"AU"
1459,"FEB",23,30,17,84,"AU"
1460,"MAR",23,29,17,83,"AU"
1461,"APR",21,27,16,77,"AU"
1462,"MAY",18,24,13,56,"AU"
1463,"JUN",15,20,10,58,"AU"
1464,"JUL",12,18,7,59,"AU"
1465,"AUG",11,17,6,55,"AU"
1466,"SEP",12,19,7,50,"AU"
1467,"OCT",15,21,9,43,"AU"
1468,"NOV",17,24,12,49,"AU"
1469,"DEC",20,27,14,49,"AU"
1470,"JAN",17,23,13,286,"IR"
1471,"FEB",5,9,2,40,"IR"
1472,"MAR",7,11,3,35,"IR"
1473,"APR",12,16,8,39,"IR"
1474,"MAY",17,22,13,30,"IR"
1475,"JUN",22,28,17,16,"IR"
1476,"JUL",26,33,21,6,"IR"
1477,"AUG",29,35,24,3,"IR"
1478,"SEP",28,34,23,5,"IR"
1479,"OCT",24,31,19,12,"IR"
1480,"NOV",19,25,14,23,"IR"
1481,"DEC",13,18,8,30,"IR"
1482,"JAN",19,25,13,303,"DZ"
1483,"FEB",10,15,4,39,"DZ"
1484,"MAR",11,17,6,31,"DZ"
1485,"APR",14,21,8,32,"DZ"
1486,"MAY",17,24,11,29,"DZ"
1487,"JUN",21,28,15,20,"DZ"
1488,"JUL",26,32,19,9,"DZ"
1489,"AUG",29,36,22,2,"DZ"
1490,"SEP",29,35,22,4,"DZ"
1491,"OCT",25,32,19,16,"DZ"
1492,"NOV",20,26,14,29,"DZ"
1493,"DEC",15,21,9,33,"DZ"
1494,"JAN",27,30,26,3471,"TV"
1495,"FEB",28,30,26,389,"TV"
1496,"MAR",28,30,26,349,"TV"
1497,"APR",28,30,26,335,"TV"
1498,"MAY",28,30,26,259,"TV"
1499,"JUN",28,30,26,233,"TV"
1500,"JUL",28,30,26,227,"TV"
1501,"AUG",27,30,26,250,"TV"
1502,"SEP",27,30,26,232,"TV"
1503,"OCT",27,30,26,228,"TV"
1504,"NOV",28,30,26,276,"TV"
1505,"DEC",28,30,26,284,"TV"
1506,"JAN",26,28,25,600,"TC"
1507,"FEB",24,26,22,30,"TC"
1508,"MAR",24,27,22,30,"TC"
1509,"APR",25,27,23,20,"TC"
1510,"MAY",25,28,23,30,"TC"
1511,"JUN",27,29,25,20,"TC"
1512,"JUL",28,30,26,50,"TC"
1513,"AUG",28,30,26,20,"TC"
1514,"SEP",28,31,26,40,"TC"
1515,"OCT",28,31,26,60,"TC"
1516,"NOV",28,30,26,70,"TC"
1517,"DEC",26,28,24,90,"TC"
1518,"JAN",2,3,NULL,1480,"GS"
1519,"FEB",6,7,3,90,"GS"
1520,"MAR",6,8,4,120,"GS"
1521,"APR",5,7,3,140,"GS"
1522,"MAY",2,4,1,140,"GS"
1523,"JUN",NULL,1,-1,150,"GS"
1524,"JUL",-1,NULL,-2,130,"GS"
1525,"AUG",-1,NULL,-2,140,"GS"
1526,"SEP",NULL,1,-2,130,"GS"
1527,"OCT",1,2,-1,100,"GS"
1528,"NOV",2,3,NULL,90,"GS"
1529,"DEC",3,5,1,90,"GS"
1530,"JAN",0,2,-5,494,"RU"
1531,"FEB",-18,-14,-22,25,"RU"
1532,"MAR",-16,-12,-20,19,"RU"
1533,"APR",-10,-5,-15,20,"RU"
1534,"MAY",-2,3,-7,25,"RU"
1535,"JUN",6,10,1,37,"RU"
1536,"JUL",12,17,7,51,"RU"
1537,"AUG",15,20,11,65,"RU"
1538,"SEP",14,18,9,66,"RU"
1539,"OCT",8,12,4,51,"RU"
1540,"NOV",0,3,-3,40,"RU"
1541,"DEC",-9,-6,-13,34,"RU"
1542,"JAN",24,28,20,1484,"CD"
1543,"FEB",24,29,21,114,"CD"
1544,"MAR",25,29,21,135,"CD"
1545,"APR",25,30,21,177,"CD"
1546,"MAY",25,30,21,176,"CD"
1547,"JUN",25,29,21,141,"CD"
1548,"JUL",23,27,19,45,"CD"
1549,"AUG",22,26,18,28,"CD"
1550,"SEP",23,26,18,47,"CD"
1551,"OCT",23,27,20,103,"CD"
1552,"NOV",24,28,21,157,"CD"
1553,"DEC",24,28,21,202,"CD"
1554,"JAN",12,17,8,1007,"CL"
1555,"FEB",16,22,12,44,"CL"
1556,"MAR",16,22,12,43,"CL"
1557,"APR",15,21,10,57,"CL"
1558,"MAY",12,18,8,78,"CL"
1559,"JUN",11,15,7,137,"CL"
1560,"JUL",9,13,5,142,"CL"
1561,"AUG",8,12,5,130,"CL"
1562,"SEP",9,13,5,110,"CL"
1563,"OCT",10,15,6,77,"CL"
1564,"NOV",12,17,7,57,"CL"
1565,"DEC",13,19,9,52,"CL"
1566,"JAN",9,12,5,725,"BE"
1567,"FEB",2,4,-1,60,"BE"
1568,"MAR",2,5,-1,42,"BE"
1569,"APR",5,8,1,53,"BE"
1570,"MAY",8,12,3,42,"BE"
1571,"JUN",12,16,7,47,"BE"
1572,"JUL",14,19,10,58,"BE"
1573,"AUG",16,21,12,68,"BE"
1574,"SEP",16,21,12,70,"BE"
1575,"OCT",14,18,10,56,"BE"
1576,"NOV",10,13,6,63,"BE"
1577,"DEC",5,8,3,59,"BE"
1578,"JAN",27,31,25,1512,"KI"
1579,"FEB",27,30,25,156,"KI"
1580,"MAR",27,30,25,136,"KI"
1581,"APR",28,30,25,138,"KI"
1582,"MAY",28,30,25,172,"KI"
1583,"JUN",28,31,25,148,"KI"
1584,"JUL",28,30,25,134,"KI"
1585,"AUG",28,31,25,131,"KI"
1586,"SEP",28,31,25,111,"KI"
1587,"OCT",28,31,25,86,"KI"
1588,"NOV",28,31,24,74,"KI"
1589,"DEC",28,31,25,86,"KI"
1590,"JAN",27,31,25,1314,"HT"
1591,"FEB",26,30,23,32,"HT"
1592,"MAR",26,30,23,50,"HT"
1593,"APR",27,31,25,76,"HT"
1594,"MAY",27,31,25,153,"HT"
1595,"JUN",27,31,25,216,"HT"
1596,"JUL",29,32,26,94,"HT"
1597,"AUG",29,33,27,72,"HT"
1598,"SEP",29,33,26,135,"HT"
1599,"OCT",28,32,26,164,"HT"
1600,"NOV",27,31,26,163,"HT"
1601,"DEC",27,31,25,83,"HT"
1602,"JAN",25,29,22,1779,"BZ"
1603,"FEB",23,26,19,112,"BZ"
1604,"MAR",23,27,20,63,"BZ"
1605,"APR",25,29,22,49,"BZ"
1606,"MAY",26,30,23,48,"BZ"
1607,"JUN",27,31,24,96,"BZ"
1608,"JUL",27,32,25,214,"BZ"
1609,"AUG",26,31,24,216,"BZ"
1610,"SEP",26,31,23,183,"BZ"
1611,"OCT",26,30,24,241,"BZ"
1612,"NOV",26,29,23,232,"BZ"
1613,"DEC",24,28,22,172,"BZ"
1614,"JAN",9,12,7,890,"IM"
1615,"FEB",5,7,3,120,"IM"
1616,"MAR",5,7,3,60,"IM"
1617,"APR",6,9,4,50,"IM"
1618,"MAY",8,11,5,30,"IM"
1619,"JUN",10,13,7,40,"IM"
1620,"JUL",13,16,10,50,"IM"
1621,"AUG",14,18,11,70,"IM"
1622,"SEP",15,18,12,40,"IM"
1623,"OCT",13,16,11,80,"IM"
1624,"NOV",10,13,8,110,"IM"
1625,"DEC",8,10,6,90,"IM"
1626,"JAN",4,9,3,915,"FK"
1627,"FEB",8,14,7,80,"FK"
1628,"MAR",9,14,7,79,"FK"
1629,"APR",7,12,6,86,"FK"
1630,"MAY",5,8,3,88,"FK"
1631,"JUN",3,6,2,89,"FK"
1632,"JUL",2,3,NULL,81,"FK"
1633,"AUG",1,4,1,80,"FK"
1634,"SEP",2,5,1,78,"FK"
1635,"OCT",3,6,1,63,"FK"
1636,"NOV",4,9,2,55,"FK"
1637,"DEC",6,11,4,63,"FK"
1638,"JAN",14,17,10,930,"GE"
1639,"FEB",5,8,2,79,"GE"
1640,"MAR",5,8,3,70,"GE"
1641,"APR",8,12,5,63,"GE"
1642,"MAY",12,16,9,64,"GE"
1643,"JUN",17,20,13,75,"GE"
1644,"JUL",20,24,16,88,"GE"
1645,"AUG",23,27,19,65,"GE"
1646,"SEP",23,27,19,70,"GE"
1647,"OCT",20,24,16,83,"GE"
1648,"NOV",15,19,11,84,"GE"
1649,"DEC",10,14,7,72,"GE"
1650,"JAN",7,10,5,612,"DK"
1651,"FEB",0,2,-1,42,"DK"
1652,"MAR",0,2,-1,29,"DK"
1653,"APR",2,4,0,35,"DK"
1654,"MAY",5,9,2,36,"DK"
1655,"JUN",10,14,7,38,"DK"
1656,"JUL",14,17,10,42,"DK"
1657,"AUG",16,19,12,59,"DK"
1658,"SEP",16,19,12,68,"DK"
1659,"OCT",13,16,10,60,"DK"
1660,"NOV",9,11,6,63,"DK"
1661,"DEC",5,7,3,56,"DK"
1662,"JAN",26,30,23,2471,"PH"
1663,"FEB",25,29,21,136,"PH"
1664,"MAR",25,29,22,94,"PH"
1665,"APR",26,30,22,82,"PH"
1666,"MAY",27,32,23,87,"PH"
1667,"JUN",28,32,24,173,"PH"
1668,"JUL",27,31,24,248,"PH"
1669,"AUG",27,31,23,316,"PH"
1670,"SEP",27,30,23,327,"PH"
1671,"OCT",27,31,23,284,"PH"
1672,"NOV",27,30,23,260,"PH"
1673,"DEC",26,30,23,231,"PH"
1674,"JAN",10,14,6,516,"MD"
1675,"FEB",-3,NULL,-6,28,"MD"
1676,"MAR",-2,1,-4,34,"MD"
1677,"APR",3,6,NULL,32,"MD"
1678,"MAY",10,15,5,35,"MD"
1679,"JUN",16,21,11,54,"MD"
1680,"JUL",19,24,14,72,"MD"
1681,"AUG",21,26,16,67,"MD"
1682,"SEP",20,26,15,44,"MD"
1683,"OCT",16,22,11,39,"MD"
1684,"NOV",10,15,6,24,"MD"
1685,"DEC",4,7,1,32,"MD"
1686,"JAN",18,23,13,370,"MA"
1687,"FEB",11,16,7,46,"MA"
1688,"MAR",13,17,8,44,"MA"
1689,"APR",14,19,9,47,"MA"
1690,"MAY",16,20,11,33,"MA"
1691,"JUN",19,23,14,16,"MA"
1692,"JUL",22,26,16,5,"MA"
1693,"AUG",25,30,19,0,"MA"
1694,"SEP",25,30,19,1,"MA"
1695,"OCT",23,28,17,7,"MA"
1696,"NOV",19,24,14,30,"MA"
1697,"DEC",15,20,11,53,"MA"
1698,"JAN",27,30,25,2685,"MH"
1699,"FEB",27,29,25,156,"MH"
1700,"MAR",27,30,25,123,"MH"
1701,"APR",27,30,25,158,"MH"
1702,"MAY",27,30,25,203,"MH"
1703,"JUN",28,30,25,244,"MH"
1704,"JUL",28,30,25,223,"MH"
1705,"AUG",28,30,25,262,"MH"
1706,"SEP",28,30,25,243,"MH"
1707,"OCT",28,30,25,290,"MH"
1708,"NOV",27,30,25,290,"MH"
1709,"DEC",27,29,24,271,"MH"
1710,"JAN",12,16,8,1079,"HR"
1711,"FEB",3,6,1,79,"HR"
1712,"MAR",4,8,1,64,"HR"
1713,"APR",8,12,4,79,"HR"
1714,"MAY",11,15,7,79,"HR"
1715,"JUN",16,20,12,91,"HR"
1716,"JUL",19,24,15,82,"HR"
1717,"AUG",22,27,17,63,"HR"
1718,"SEP",22,26,17,74,"HR"
1719,"OCT",18,23,13,94,"HR"
1720,"NOV",13,17,9,120,"HR"
1721,"DEC",8,11,5,118,"HR"
1722,"JAN",27,30,24,1985,"GW"
1723,"FEB",25,29,21,1,"GW"
1724,"MAR",26,31,22,1,"GW"
1725,"APR",27,32,23,NULL,"GW"
1726,"MAY",27,32,24,NULL,"GW"
1727,"JUN",28,31,25,22,"GW"
1728,"JUL",27,30,26,184,"GW"
1729,"AUG",27,28,25,498,"GW"
1746,"SEP",27,28,25,646,"GW"
1747,"OCT",27,29,25,420,"GW"
1748,"NOV",28,30,26,184,"GW"
1749,"DEC",27,31,25,30,"GW"
1750,"JAN",27,29,25,2909,"SL"
1751,"FEB",27,29,24,2,"SL"
1752,"MAR",28,31,25,5,"SL"
1753,"APR",29,31,26,28,"SL"
1754,"MAY",29,31,26,82,"SL"
1755,"JUN",28,30,25,219,"SL"
1756,"JUL",26,28,24,380,"SL"
1757,"AUG",25,27,23,543,"SL"
1758,"SEP",25,27,23,590,"SL"
1759,"OCT",26,27,24,517,"SL"
1760,"NOV",26,28,24,347,"SL"
1761,"DEC",27,29,24,151,"SL"
1762,"JAN",15,19,12,906,"PT"
1763,"FEB",10,14,8,123,"PT"
1764,"MAR",11,14,8,101,"PT"
1765,"APR",12,16,9,98,"PT"
1766,"MAY",13,17,10,71,"PT"
1767,"JUN",15,19,12,56,"PT"
1768,"JUL",18,22,14,30,"PT"
1769,"AUG",20,24,16,12,"PT"
1770,"SEP",21,25,17,15,"PT"
1771,"OCT",20,23,16,47,"PT"
1772,"NOV",16,20,13,89,"PT"
1773,"DEC",13,17,11,117,"PT"
1774,"JAN",5,8,2,634,"EE"
1775,"FEB",-5,-2,-6,43,"EE"
1776,"MAR",-5,-2,-7,28,"EE"
1777,"APR",-1,1,-4,33,"EE"
1778,"MAY",3,7,1,37,"EE"
1779,"JUN",10,14,6,36,"EE"
1780,"JUL",14,18,11,50,"EE"
1781,"AUG",16,20,13,66,"EE"
1782,"SEP",15,19,12,72,"EE"
1783,"OCT",11,14,8,69,"EE"
1784,"NOV",5,8,4,67,"EE"
1785,"DEC",0,3,NULL,70,"EE"
1786,"JAN",17,22,12,1138,"UY"
1787,"FEB",23,29,18,95,"UY"
1788,"MAR",23,28,18,94,"UY"
1789,"APR",21,25,16,108,"UY"
1790,"MAY",17,22,13,105,"UY"
1791,"JUN",14,18,10,90,"UY"
1792,"JUL",11,16,7,88,"UY"
1793,"AUG",11,15,7,79,"UY"
1794,"SEP",12,16,8,83,"UY"
1795,"OCT",14,18,9,89,"UY"
1796,"NOV",16,21,11,93,"UY"
1797,"DEC",19,24,14,81,"UY"
1798,"JAN",16,19,11,859,"LB"
1799,"FEB",8,11,4,197,"LB"
1800,"MAR",8,11,5,132,"LB"
1801,"APR",10,13,6,167,"LB"
1802,"MAY",14,17,9,52,"LB"
1803,"JUN",17,21,12,13,"LB"
1804,"JUL",21,26,16,1,"LB"
1805,"AUG",23,27,19,0,"LB"
1806,"SEP",24,28,19,NULL,"LB"
1807,"OCT",22,26,17,5,"LB"
1808,"NOV",18,20,13,29,"LB"
1809,"DEC",15,20,10,67,"LB"
1810,"JAN",25,30,20,1684,"PR"
1811,"FEB",23,28,18,81,"PR"
1812,"MAR",23,28,18,66,"PR"
1813,"APR",24,29,18,75,"PR"
1814,"MAY",24,29,19,123,"PR"
1815,"JUN",25,30,21,181,"PR"
1816,"JUL",26,30,21,139,"PR"
1817,"AUG",26,31,21,142,"PR"
1818,"SEP",26,31,22,186,"PR"
1819,"OCT",26,31,21,207,"PR"
1820,"NOV",26,30,21,212,"PR"
1821,"DEC",25,29,20,168,"PR"
1822,"JAN",13,20,7,188,"UZ"
1823,"FEB",-1,4,-5,21,"UZ"
1824,"MAR",1,6,-3,20,"UZ"
1825,"APR",7,13,2,33,"UZ"
1826,"MAY",15,21,8,28,"UZ"
1827,"JUN",21,28,13,16,"UZ"
1828,"JUL",25,33,17,4,"UZ"
1829,"AUG",28,35,19,2,"UZ"
1830,"SEP",25,34,17,1,"UZ"
1831,"OCT",20,28,11,1,"UZ"
1832,"NOV",12,20,5,8,"UZ"
1833,"DEC",6,12,0,13,"UZ"
1834,"JAN",18,23,14,280,"TN"
1835,"FEB",11,15,7,33,"TN"
1836,"MAR",12,16,8,28,"TN"
1837,"APR",14,18,10,30,"TN"
1838,"MAY",16,20,12,23,"TN"
1839,"JUN",20,24,15,14,"TN"
1840,"JUL",24,28,19,6,"TN"
1841,"AUG",27,31,21,1,"TN"
1842,"SEP",27,32,22,4,"TN"
1843,"OCT",25,29,20,22,"TN"
1844,"NOV",21,25,17,35,"TN"
1845,"DEC",16,20,12,32,"TN"
1846,"JAN",30,32,28,104,"DJ"
1847,"FEB",25,27,23,10,"DJ"
1848,"MAR",26,27,24,4,"DJ"
1849,"APR",27,28,25,9,"DJ"
1850,"MAY",28,30,27,11,"DJ"
1851,"JUN",31,33,29,7,"DJ"
1852,"JUL",34,36,31,NULL,"DJ"
1853,"AUG",35,38,32,6,"DJ"
1854,"SEP",35,38,32,7,"DJ"
1855,"OCT",32,35,31,4,"DJ"
1856,"NOV",30,31,27,14,"DJ"
1857,"DEC",27,29,25,21,"DJ"
1858,"JAN",20,25,17,1236,"RW"
1859,"FEB",20,24,17,119,"RW"
1860,"MAR",20,24,17,116,"RW"
1861,"APR",20,24,17,128,"RW"
1862,"MAY",20,24,17,133,"RW"
1863,"JUN",20,24,17,96,"RW"
1864,"JUL",19,24,16,28,"RW"
1865,"AUG",19,25,16,17,"RW"
1866,"SEP",20,26,17,54,"RW"
1867,"OCT",20,26,17,107,"RW"
1868,"NOV",20,25,17,139,"RW"
1869,"DEC",20,24,17,147,"RW"
1870,"JAN",15,20,11,622,"ES"
1871,"FEB",8,13,5,60,"ES"
1872,"MAR",9,14,5,56,"ES"
1873,"APR",11,16,7,57,"ES"
1874,"MAY",13,18,9,55,"ES"
1875,"JUN",16,22,12,45,"ES"
1876,"JUL",20,25,15,30,"ES"
1877,"AUG",23,29,18,14,"ES"
1878,"SEP",23,29,18,18,"ES"
1879,"OCT",20,26,16,42,"ES"
1880,"NOV",16,21,12,72,"ES"
1881,"DEC",12,17,8,77,"ES"
1882,"JAN",23,27,20,1641,"CO"
1883,"FEB",23,28,21,73,"CO"
1884,"MAR",24,28,21,77,"CO"
1885,"APR",24,28,21,101,"CO"
1886,"MAY",24,29,21,171,"CO"
1887,"JUN",24,29,21,179,"CO"
1888,"JUL",24,29,21,142,"CO"
1889,"AUG",24,29,21,106,"CO"
1890,"SEP",24,29,21,118,"CO"
1891,"OCT",24,29,21,145,"CO"
1892,"NOV",24,29,21,211,"CO"
1893,"DEC",24,28,21,189,"CO"
1894,"JAN",24,27,22,1314,"RE"
1895,"FEB",27,29,24,209,"RE"
1896,"MAR",27,29,24,184,"RE"
1897,"APR",27,29,24,223,"RE"
1898,"MAY",25,28,23,152,"RE"
1899,"JUN",24,26,21,100,"RE"
1900,"JUL",22,25,20,72,"RE"
1901,"AUG",21,24,19,67,"RE"
1902,"SEP",21,24,18,53,"RE"
1903,"OCT",22,25,19,39,"RE"
1904,"NOV",23,26,21,33,"RE"
1905,"DEC",24,27,22,71,"RE"
1906,"JAN",23,27,22,815,"BI"
1907,"FEB",24,26,22,83,"BI"
1908,"MAR",24,27,22,99,"BI"
1909,"APR",23,26,22,128,"BI"
1910,"MAY",23,27,22,127,"BI"
1911,"JUN",24,27,22,61,"BI"
1912,"JUL",23,27,21,7,"BI"
1913,"AUG",23,27,21,1,"BI"
1914,"SEP",24,27,22,7,"BI"
1915,"OCT",24,28,22,33,"BI"
1916,"NOV",24,27,22,69,"BI"
1917,"DEC",23,26,22,89,"BI"
1918,"JAN",21,24,18,1683,"TW"
1919,"FEB",15,18,12,38,"TW"
1920,"MAR",15,18,12,62,"TW"
1921,"APR",18,21,14,64,"TW"
1922,"MAY",21,24,17,111,"TW"
1923,"JUN",24,27,20,210,"TW"
1924,"JUL",26,29,23,274,"TW"
1925,"AUG",27,30,24,239,"TW"
1926,"SEP",27,30,24,308,"TW"
1927,"OCT",26,29,23,207,"TW"
1928,"NOV",23,26,20,56,"TW"
1929,"DEC",20,23,17,43,"TW"
1930,"JAN",25,28,22,2590,"FJ"
1931,"FEB",26,30,23,304,"FJ"
1932,"MAR",26,30,23,294,"FJ"
1933,"APR",26,30,23,353,"FJ"
1934,"MAY",26,29,23,258,"FJ"
1935,"JUN",25,28,22,191,"FJ"
1936,"JUL",24,27,21,140,"FJ"
1937,"AUG",23,27,21,101,"FJ"
1938,"SEP",24,27,21,130,"FJ"
1939,"OCT",24,27,21,146,"FJ"
1940,"NOV",25,28,22,176,"FJ"
1941,"DEC",25,29,22,214,"FJ"
1942,"JAN",26,28,25,1238,"BB"
1943,"FEB",25,27,23,67,"BB"
1944,"MAR",25,27,23,45,"BB"
1945,"APR",25,28,23,38,"BB"
1946,"MAY",26,28,24,48,"BB"
1947,"JUN",27,29,25,56,"BB"
1948,"JUL",27,29,26,96,"BB"
1949,"AUG",27,29,25,128,"BB"
1950,"SEP",27,30,25,155,"BB"
1951,"OCT",27,30,25,160,"BB"
1952,"NOV",27,29,25,173,"BB"
1953,"DEC",26,28,25,154,"BB"
1954,"JAN",10,14,6,562,"HU"
1955,"FEB",-1,1,-3,33,"HU"
1956,"MAR",0,3,-3,29,"HU"
1957,"APR",5,10,1,29,"HU"
1958,"MAY",10,15,5,42,"HU"
1959,"JUN",15,20,10,61,"HU"
1960,"JUL",19,23,13,74,"HU"
1961,"AUG",20,26,15,56,"HU"
1962,"SEP",20,25,14,55,"HU"
1963,"OCT",16,21,11,42,"HU"
1964,"NOV",11,15,6,34,"HU"
1965,"DEC",4,7,1,44,"HU"
1966,"JAN",25,28,22,1308,"DO"
1967,"FEB",23,26,20,63,"DO"
1968,"MAR",23,26,20,58,"DO"
1969,"APR",24,27,20,59,"DO"
1970,"MAY",25,27,21,90,"DO"
1971,"JUN",26,28,22,172,"DO"
1972,"JUL",26,29,23,119,"DO"
1973,"AUG",26,29,23,102,"DO"
1974,"SEP",27,29,23,123,"DO"
1975,"OCT",27,29,23,133,"DO"
1976,"NOV",26,29,22,150,"DO"
1977,"DEC",25,28,22,131,"DO"
1978,"JAN",14,18,10,755,"IT"
1979,"FEB",6,10,3,66,"IT"
1980,"MAR",7,11,4,59,"IT"
1981,"APR",9,13,6,62,"IT"
1982,"MAY",12,17,8,60,"IT"
1983,"JUN",16,21,12,53,"IT"
1984,"JUL",20,25,16,43,"IT"
1985,"AUG",23,28,18,31,"IT"
1986,"SEP",23,28,18,41,"IT"
1987,"OCT",20,25,16,63,"IT"
1988,"NOV",16,20,12,90,"IT"
1989,"DEC",11,14,8,92,"IT"
1990,"JAN",27,30,24,NULL,"AN"
1991,"FEB",26,29,23,NULL,"AN"
1992,"MAR",26,29,23,NULL,"AN"
1993,"APR",26,29,23,NULL,"AN"
1994,"MAY",27,30,24,NULL,"AN"
1995,"JUN",27,30,24,NULL,"AN"
1996,"JUL",28,31,25,NULL,"AN"
1997,"AUG",28,31,25,NULL,"AN"
1998,"SEP",28,31,25,NULL,"AN"
1999,"OCT",28,31,25,NULL,"AN"
2000,"NOV",28,31,25,NULL,"AN"
2001,"DEC",27,30,24,NULL,"AN"
2002,"JAN",16,22,11,1427,"BT"
2003,"FEB",8,14,2,15,"BT"
2004,"MAR",10,16,4,41,"BT"
2005,"APR",13,19,7,23,"BT"
2006,"MAY",16,22,10,58,"BT"
2007,"JUN",20,25,14,122,"BT"
2008,"JUL",22,27,17,246,"BT"
2009,"AUG",20,23,16,373,"BT"
2010,"SEP",22,27,18,345,"BT"
2011,"OCT",21,25,17,155,"BT"
2012,"NOV",18,24,13,38,"BT"
2013,"DEC",14,20,8,8,"BT"
2014,"JAN",27,34,21,298,"SD"
2015,"FEB",22,30,15,2,"SD"
2016,"MAR",24,31,16,1,"SD"
2017,"APR",27,34,19,0,"SD"
2018,"MAY",29,37,22,2,"SD"
2019,"JUN",31,38,24,14,"SD"
2020,"JUL",31,38,25,33,"SD"
2021,"AUG",30,36,25,78,"SD"
2022,"SEP",29,35,24,96,"SD"
2023,"OCT",29,36,24,45,"SD"
2024,"NOV",29,36,22,13,"SD"
2025,"DEC",26,34,20,5,"SD"
2026,"JAN",21,29,17,1299,"NP"
2027,"FEB",13,20,7,18,"NP"
2028,"MAR",15,23,9,15,"NP"
2029,"APR",20,29,14,16,"NP"
2030,"MAY",24,33,18,23,"NP"
2031,"JUN",27,34,23,68,"NP"
2032,"JUL",27,33,25,184,"NP"
2033,"AUG",27,31,25,357,"NP"
2034,"SEP",26,31,24,313,"NP"
2035,"OCT",26,30,24,205,"NP"
2036,"NOV",23,29,19,55,"NP"
2037,"DEC",18,26,12,1,"NP"
2038,"JAN",18,21,15,532,"MT"
2039,"FEB",12,15,9,85,"MT"
2040,"MAR",12,15,9,54,"MT"
2041,"APR",13,16,10,41,"MT"
2042,"MAY",15,18,12,23,"MT"
2043,"JUN",18,22,15,10,"MT"
2044,"JUL",22,26,18,1,"MT"
2045,"AUG",26,30,21,NULL,"MT"
2046,"SEP",26,30,22,3,"MT"
2047,"OCT",24,27,20,30,"MT"
2048,"NOV",21,23,17,75,"MT"
2049,"DEC",17,19,13,91,"MT"
2050,"JAN",28,30,25,2192,"MV"
2051,"FEB",28,30,25,183,"MV"
2052,"MAR",28,30,26,51,"MV"
2053,"APR",28,31,26,197,"MV"
2054,"MAY",28,31,26,111,"MV"
2055,"JUN",28,31,26,188,"MV"
2056,"JUL",28,30,26,222,"MV"
2057,"AUG",28,31,26,134,"MV"
2058,"SEP",28,30,25,174,"MV"
2059,"OCT",28,30,25,227,"MV"
2060,"NOV",28,30,25,276,"MV"
2061,"DEC",28,30,25,206,"MV"
2062,"JAN",26,30,24,2204,"SR"
2063,"FEB",26,29,24,211,"SR"
2064,"MAR",26,29,24,147,"SR"
2065,"APR",26,29,24,160,"SR"
2066,"MAY",26,30,24,215,"SR"
2067,"JUN",26,29,24,312,"SR"
2068,"JUL",26,30,24,316,"SR"
2069,"AUG",26,30,23,233,"SR"
2070,"SEP",27,31,24,164,"SR"
2071,"OCT",27,32,24,93,"SR"
2072,"NOV",28,32,24,78,"SR"
2073,"DEC",27,31,24,103,"SR"
2074,"JAN",27,30,25,1020,"AI"
2075,"FEB",26,28,23,70,"AI"
2076,"MAR",26,28,23,40,"AI"
2077,"APR",26,28,23,40,"AI"
2078,"MAY",27,28,25,70,"AI"
2079,"JUN",27,30,25,90,"AI"
2080,"JUL",28,31,26,70,"AI"
2081,"AUG",29,31,26,80,"AI"
2082,"SEP",29,31,26,110,"AI"
2083,"OCT",29,31,26,110,"AI"
2084,"NOV",28,30,26,90,"AI"
2085,"DEC",27,29,25,110,"AI"
2086,"JAN",25,30,22,996,"VE"
2087,"FEB",24,29,20,28,"VE"
2088,"MAR",25,30,21,20,"VE"
2089,"APR",25,31,21,19,"VE"
2090,"MAY",26,31,22,53,"VE"
2091,"JUN",26,30,23,109,"VE"
2092,"JUL",26,30,22,139,"VE"
2093,"AUG",25,30,22,140,"VE"
2094,"SEP",26,30,22,135,"VE"
2095,"OCT",26,30,22,100,"VE"
2096,"NOV",26,30,22,97,"VE"
2097,"DEC",25,30,21,75,"VE"
2098,"JAN",26,32,22,1520,"TH"
2099,"FEB",24,30,17,23,"TH"
2100,"MAR",25,32,19,21,"TH"
2101,"APR",28,34,21,37,"TH"
2102,"MAY",29,35,24,81,"TH"
2103,"JUN",29,34,24,174,"TH"
2104,"JUL",28,32,24,172,"TH"
2105,"AUG",28,32,24,193,"TH"
2106,"SEP",27,31,24,218,"TH"
2107,"OCT",27,31,23,245,"TH"
2108,"NOV",27,31,22,165,"TH"
2109,"DEC",25,30,20,101,"TH"
2110,"JAN",19,24,14,496,"IL"
2111,"FEB",11,14,7,96,"IL"
2112,"MAR",12,16,7,80,"IL"
2113,"APR",14,19,9,71,"IL"
2114,"MAY",18,24,13,16,"IL"
2115,"JUN",21,27,16,9,"IL"
2116,"JUL",24,30,19,16,"IL"
2117,"AUG",26,31,21,NULL,"IL"
2118,"SEP",27,32,21,NULL,"IL"
2119,"OCT",25,30,20,1,"IL"
2120,"NOV",22,27,17,10,"IL"
2121,"DEC",18,22,13,60,"IL"
2122,"JAN",26,30,23,2394,"ID"
2123,"FEB",26,30,23,290,"ID"
2124,"MAR",26,30,23,259,"ID"
2125,"APR",26,30,23,257,"ID"
2126,"MAY",27,30,23,215,"ID"
2127,"JUN",27,30,23,197,"ID"
2128,"JUL",26,30,23,156,"ID"
2129,"AUG",26,30,22,134,"ID"
2130,"SEP",26,30,22,123,"ID"
2131,"OCT",26,30,23,125,"ID"
2132,"NOV",27,31,23,161,"ID"
2133,"DEC",27,30,23,213,"ID"
2134,"JAN",3,6,1,826,"IS"
2135,"FEB",-1,1,-3,72,"IS"
2136,"MAR",-1,1,-3,60,"IS"
2137,"APR",0,2,-2,61,"IS"
2138,"MAY",2,4,-1,53,"IS"
2139,"JUN",5,8,2,42,"IS"
2140,"JUL",8,11,5,50,"IS"
2141,"AUG",10,13,7,55,"IS"
2142,"SEP",9,12,7,71,"IS"
2143,"OCT",7,9,4,78,"IS"
2144,"NOV",3,5,1,88,"IS"
2145,"DEC",1,3,-1,77,"IS"
2146,"JAN",27,33,22,541,"SN"
2147,"FEB",24,30,18,0,"SN"
2148,"MAR",25,32,19,1,"SN"
2149,"APR",27,34,21,NULL,"SN"
2150,"MAY",28,35,22,NULL,"SN"
2151,"JUN",29,35,24,0,"SN"
2152,"JUL",29,34,25,20,"SN"
2153,"AUG",28,32,25,86,"SN"
2154,"SEP",28,32,25,231,"SN"
2155,"OCT",28,32,25,154,"SN"
2156,"NOV",29,34,24,33,"SN"
2157,"DEC",27,33,21,2,"SN"
2158,"JAN",19,25,14,765,"ZW"
2159,"FEB",22,27,17,171,"ZW"
2160,"MAR",21,26,17,148,"ZW"
2161,"APR",21,27,16,97,"ZW"
2162,"MAY",20,25,14,31,"ZW"
2163,"JUN",17,23,11,10,"ZW"
2164,"JUL",14,21,8,7,"ZW"
2165,"AUG",14,21,8,5,"ZW"
2166,"SEP",16,23,10,5,"ZW"
2167,"OCT",20,27,13,9,"ZW"
2168,"NOV",22,28,16,28,"ZW"
2169,"DEC",22,28,17,91,"ZW"
2170,"JAN",8,12,4,738,"DE"
2171,"FEB",0,2,-2,52,"DE"
2172,"MAR",0,3,-2,42,"DE"
2173,"APR",3,7,0,45,"DE"
2174,"MAY",7,12,3,49,"DE"
2175,"JUN",12,17,7,61,"DE"
2176,"JUL",15,20,10,76,"DE"
2177,"AUG",17,21,12,85,"DE"
2178,"SEP",16,21,12,77,"DE"
2179,"OCT",13,18,9,59,"DE"
2180,"NOV",9,12,5,55,"DE"
2181,"DEC",4,6,1,53,"DE"
2182,"JAN",26,29,23,1936,"MQ"
2183,"FEB",25,27,21,106,"MQ"
2184,"MAR",25,28,21,70,"MQ"
2185,"APR",25,28,22,67,"MQ"
2186,"MAY",26,28,22,80,"MQ"
2187,"JUN",27,30,23,147,"MQ"
2188,"JUL",27,30,25,181,"MQ"
2189,"AUG",27,30,25,232,"MQ"
2190,"SEP",27,30,24,233,"MQ"
2191,"OCT",27,30,23,240,"MQ"
2192,"NOV",27,30,23,216,"MQ"
2193,"DEC",26,29,23,225,"MQ"
2194,"JAN",6,11,0,237,"KZ"
2195,"FEB",-12,-8,-17,12,"KZ"
2196,"MAR",-11,-7,-16,12,"KZ"
2197,"APR",-4,0,-9,16,"KZ"
2198,"MAY",7,13,1,16,"KZ"
2199,"JUN",15,22,8,20,"KZ"
2200,"JUL",20,28,14,23,"KZ"
2201,"AUG",23,30,16,27,"KZ"
2202,"SEP",21,28,14,16,"KZ"
2203,"OCT",14,22,8,13,"KZ"
2204,"NOV",6,12,1,18,"KZ"
2205,"DEC",-3,2,-7,16,"KZ"
2206,"JAN",7,13,1,613,"PL"
2207,"FEB",-3,2,-8,34,"PL"
2208,"MAR",-2,3,-8,29,"PL"
2209,"APR",2,8,-4,31,"PL"
2210,"MAY",7,14,0,40,"PL"
2211,"JUN",12,19,4,56,"PL"
2212,"JUL",15,22,8,72,"PL"
2213,"AUG",17,24,10,86,"PL"
2214,"SEP",17,24,10,69,"PL"
2215,"OCT",13,20,6,49,"PL"
2216,"NOV",8,14,2,42,"PL"
2217,"DEC",3,8,-2,40,"PL"
2218,"JAN",27,28,24,NULL,"AG"
2219,"FEB",25,27,23,NULL,"AG"
2220,"MAR",25,27,22,NULL,"AG"
2221,"APR",25,27,23,NULL,"AG"
2222,"MAY",26,28,23,NULL,"AG"
2223,"JUN",27,29,25,NULL,"AG"
2224,"JUL",28,30,26,NULL,"AG"
2225,"AUG",28,30,26,NULL,"AG"
2226,"SEP",28,30,26,NULL,"AG"
2227,"OCT",28,30,26,NULL,"AG"
2228,"NOV",27,30,25,NULL,"AG"
2229,"DEC",27,28,25,NULL,"AG"
2230,"JAN",24,31,21,278,"ER"
2231,"FEB",20,27,18,8,"ER"
2232,"MAR",21,28,17,6,"ER"
2233,"APR",22,30,18,5,"ER"
2234,"MAY",25,32,21,10,"ER"
2235,"JUN",26,33,23,14,"ER"
2236,"JUL",26,33,24,18,"ER"
2237,"AUG",26,32,24,72,"ER"
2238,"SEP",26,32,25,78,"ER"
2239,"OCT",25,32,23,17,"ER"
2240,"NOV",25,32,22,5,"ER"
2241,"DEC",23,30,20,9,"ER"
2242,"JAN",8,14,2,363,"KG"
2243,"FEB",-8,-3,-13,17,"KG"
2244,"MAR",-3,0,-7,24,"KG"
2245,"APR",2,7,-2,34,"KG"
2246,"MAY",10,16,5,50,"KG"
2247,"JUN",15,21,9,53,"KG"
2248,"JUL",19,26,12,39,"KG"
2249,"AUG",21,28,15,23,"KG"
2250,"SEP",20,28,13,16,"KG"
2251,"OCT",16,23,9,11,"KG"
2252,"NOV",9,16,3,24,"KG"
2253,"DEC",1,6,-3,23,"KG"
2254,"JAN",26,30,23,1111,"VI"
2255,"FEB",25,28,21,61,"VI"
2256,"MAR",25,29,21,47,"VI"
2257,"APR",25,29,21,47,"VI"
2258,"MAY",26,29,22,73,"VI"
2259,"JUN",27,30,23,101,"VI"
2260,"JUL",28,31,24,67,"VI"
2261,"AUG",28,31,24,77,"VI"
2262,"SEP",28,31,24,101,"VI"
2263,"OCT",28,31,24,144,"VI"
2264,"NOV",27,31,23,145,"VI"
2265,"DEC",26,30,23,157,"VI"
2266,"JAN",26,29,23,1141,"YT"
2267,"FEB",27,30,24,296,"YT"
2268,"MAR",27,30,24,212,"YT"
2269,"APR",27,30,24,170,"YT"
2270,"MAY",27,30,24,94,"YT"
2271,"JUN",26,28,23,42,"YT"
2272,"JUL",25,27,22,8,"YT"
2273,"AUG",24,26,21,5,"YT"
2274,"SEP",24,26,21,5,"YT"
2275,"OCT",24,28,21,9,"YT"
2276,"NOV",25,29,22,40,"YT"
2277,"DEC",27,31,23,69,"YT"
2278,"JAN",22,29,16,194,"IQ"
2279,"FEB",9,13,4,33,"IQ"
2280,"MAR",12,17,7,30,"IQ"
2281,"APR",16,21,11,33,"IQ"
2282,"MAY",22,28,16,22,"IQ"
2283,"JUN",28,34,21,8,"IQ"
2284,"JUL",32,39,25,0,"IQ"
2285,"AUG",35,42,27,0,"IQ"
2286,"SEP",34,41,26,NULL,"IQ"
2287,"OCT",31,38,23,0,"IQ"
2288,"NOV",25,32,18,3,"IQ"
2289,"DEC",17,23,11,21,"IQ"
2290,"JAN",27,29,25,NULL,"LC"
2291,"FEB",26,27,24,NULL,"LC"
2292,"MAR",26,27,24,NULL,"LC"
2293,"APR",26,28,25,NULL,"LC"
2294,"MAY",27,28,25,NULL,"LC"
2295,"JUN",28,30,26,NULL,"LC"
2296,"JUL",28,30,27,NULL,"LC"
2297,"AUG",28,30,26,NULL,"LC"
2298,"SEP",28,30,26,NULL,"LC"
2299,"OCT",28,30,26,NULL,"LC"
2300,"NOV",28,30,26,NULL,"LC"
2301,"DEC",27,29,26,NULL,"LC"
2302,"JAN",11,16,7,585,"MK"
2303,"FEB",1,3,-2,40,"MK"
2304,"MAR",3,6,-1,46,"MK"
2305,"APR",7,11,2,41,"MK"
2306,"MAY",11,16,6,51,"MK"
2307,"JUN",16,21,10,63,"MK"
2308,"JUL",19,25,14,52,"MK"
2309,"AUG",22,28,16,33,"MK"
2310,"SEP",22,28,15,30,"MK"
2311,"OCT",18,24,12,33,"MK"
2312,"NOV",13,18,8,59,"MK"
2313,"DEC",6,10,3,60,"MK"
2314,"JAN",12,17,7,1296,"KR"
2315,"FEB",-1,3,-5,34,"KR"
2316,"MAR",1,5,-3,42,"KR"
2317,"APR",5,10,1,59,"KR"
2318,"MAY",12,17,6,100,"KR"
2319,"JUN",17,22,11,99,"KR"
2320,"JUL",21,25,16,159,"KR"
2321,"AUG",24,28,21,270,"KR"
2322,"SEP",25,29,21,234,"KR"
2323,"OCT",20,25,16,153,"KR"
2324,"NOV",14,20,9,56,"KR"
2325,"DEC",7,12,3,51,"KR"
2326,"JAN",6,9,3,628,"LV"
2327,"FEB",-4,-1,-5,38,"LV"
2328,"MAR",-4,-1,-6,26,"LV"
2329,"APR",-1,2,-2,31,"LV"
2330,"MAY",4,8,1,36,"LV"
2331,"JUN",10,15,6,41,"LV"
2332,"JUL",15,18,10,50,"LV"
2333,"AUG",16,20,12,70,"LV"
2334,"SEP",16,20,12,70,"LV"
2335,"OCT",12,15,8,69,"LV"
2336,"NOV",6,9,4,65,"LV"
2337,"DEC",1,4,0,66,"LV"
2338,"JAN",26,30,22,2449,"GY"
2339,"FEB",25,30,21,190,"GY"
2340,"MAR",25,30,21,117,"GY"
2341,"APR",26,30,21,130,"GY"
2342,"MAY",26,30,22,183,"GY"
2343,"JUN",26,30,22,303,"GY"
2344,"JUL",26,29,22,326,"GY"
2345,"AUG",26,30,22,297,"GY"
2346,"SEP",27,31,22,222,"GY"
2347,"OCT",27,32,22,132,"GY"
2348,"NOV",27,32,22,134,"GY"
2349,"DEC",27,31,22,159,"GY"
2350,"JAN",17,23,12,392,"SY"
2351,"FEB",7,11,3,75,"SY"
2352,"MAR",8,12,4,59,"SY"
2353,"APR",11,16,6,50,"SY"
2354,"MAY",16,22,11,35,"SY"
2355,"JUN",21,27,14,17,"SY"
2356,"JUL",25,32,18,3,"SY"
2357,"AUG",28,34,21,1,"SY"
2358,"SEP",28,34,21,0,"SY"
2359,"OCT",25,32,18,3,"SY"
2360,"NOV",20,26,14,22,"SY"
2361,"DEC",13,19,8,44,"SY"
2362,"JAN",25,30,22,1779,"GP"
2363,"FEB",24,28,20,88,"GP"
2364,"MAR",24,28,20,63,"GP"
2365,"APR",24,28,21,72,"GP"
2366,"MAY",25,29,22,106,"GP"
2367,"JUN",26,30,23,138,"GP"
2368,"JUL",27,31,24,117,"GP"
2369,"AUG",27,31,24,161,"GP"
2370,"SEP",27,31,23,196,"GP"
2371,"OCT",27,31,23,234,"GP"
2372,"NOV",26,30,23,230,"GP"
2373,"DEC",26,29,22,211,"GP"
2374,"JAN",26,27,25,2198,"CK"
2375,"FEB",27,29,25,272,"CK"
2376,"MAR",27,29,25,249,"CK"
2377,"APR",27,29,25,232,"CK"
2378,"MAY",27,28,25,178,"CK"
2379,"JUN",26,28,25,161,"CK"
2380,"JUL",25,27,24,128,"CK"
2381,"AUG",25,26,23,119,"CK"
2382,"SEP",25,26,23,129,"CK"
2383,"OCT",25,27,23,122,"CK"
2384,"NOV",26,27,24,149,"CK"
2385,"DEC",26,27,24,191,"CK"
2386,"JAN",23,26,21,131,"CV"
2387,"FEB",21,24,19,2,"CV"
2388,"MAR",21,23,18,1,"CV"
2389,"APR",21,24,19,0,"CV"
2390,"MAY",22,24,19,NULL,"CV"
2391,"JUN",23,25,20,NULL,"CV"
2392,"JUL",24,26,21,NULL,"CV"
2393,"AUG",25,27,22,4,"CV"
2394,"SEP",25,28,23,36,"CV"
2395,"OCT",26,27,24,41,"CV"
2396,"NOV",25,27,23,23,"CV"
2397,"DEC",24,26,22,3,"CV"
2398,"JAN",27,24,24,3637,"AS"
2399,"FEB",27,31,24,339,"AS"
2400,"MAR",27,31,24,306,"AS"
2401,"APR",27,31,24,280,"AS"
2402,"MAY",27,31,24,305,"AS"
2403,"JUN",8,12,9,291,"AS"
2404,"JUL",27,30,24,231,"AS"
2405,"AUG",27,29,23,264,"AS"
2406,"SEP",27,30,24,278,"AS"
2407,"OCT",27,30,24,281,"AS"
2408,"NOV",27,30,24,375,"AS"
2409,"DEC",27,30,24,326,"AS"
2410,"JAN",26,29,23,1862,"HN"
2411,"FEB",24,27,22,111,"HN"
2412,"MAR",24,28,22,71,"HN"
2413,"APR",26,29,23,49,"HN"
2414,"MAY",27,30,24,46,"HN"
2415,"JUN",27,30,24,140,"HN"
2416,"JUL",26,30,24,217,"HN"
2417,"AUG",26,30,24,177,"HN"
2418,"SEP",26,30,24,170,"HN"
2419,"OCT",26,30,24,236,"HN"
2420,"NOV",25,29,23,269,"HN"
2421,"DEC",25,28,23,198,"HN"
2422,"JAN",26,30,24,1412,"TT"
2423,"FEB",25,29,22,60,"TT"
2424,"MAR",26,29,22,46,"TT"
2425,"APR",26,30,23,50,"TT"
2426,"MAY",27,31,24,44,"TT"
2427,"JUN",27,31,25,89,"TT"
2428,"JUL",27,30,24,189,"TT"
2429,"AUG",27,29,24,212,"TT"
2430,"SEP",27,30,24,194,"TT"
2431,"OCT",27,31,24,167,"TT"
2432,"NOV",27,30,24,187,"TT"
2433,"DEC",26,29,24,180,"TT"
2434,"JAN",21,28,13,943,"MX"
2435,"FEB",16,24,8,27,"MX"
2436,"MAR",17,26,9,20,"MX"
2437,"APR",20,28,11,17,"MX"
2438,"MAY",22,30,13,25,"MX"
2439,"JUN",23,31,15,54,"MX"
2440,"JUL",24,31,17,141,"MX"
2441,"AUG",23,30,17,166,"MX"
2442,"SEP",23,30,17,166,"MX"
2443,"OCT",23,29,16,172,"MX"
2444,"NOV",21,28,14,90,"MX"
2445,"DEC",19,26,11,36,"MX"
2446,"JAN",22,28,16,46,"EG"
2447,"FEB",14,19,8,9,"EG"
2448,"MAR",15,20,9,5,"EG"
2449,"APR",18,24,12,3,"EG"
2450,"MAY",21,28,15,1,"EG"
2451,"JUN",25,31,19,1,"EG"
2452,"JUL",27,34,21,NULL,"EG"
2453,"AUG",28,34,23,NULL,"EG"
2454,"SEP",28,34,23,0,"EG"
2455,"OCT",27,32,21,0,"EG"
2456,"NOV",24,30,19,3,"EG"
2457,"DEC",20,26,14,5,"EG"
2458,"JAN",26,29,23,2624,"NI"
2459,"FEB",25,28,22,121,"NI"
2460,"MAR",26,29,22,64,"NI"
2461,"APR",27,30,23,40,"NI"
2462,"MAY",28,30,24,53,"NI"
2463,"JUN",27,31,25,213,"NI"
2464,"JUL",27,29,24,380,"NI"
2465,"AUG",26,29,24,351,"NI"
2466,"SEP",26,29,24,309,"NI"
2467,"OCT",26,30,24,317,"NI"
2468,"NOV",26,29,23,363,"NI"
2469,"DEC",26,29,23,235,"NI"
2470,"JAN",26,30,24,2231,"SG"
2471,"FEB",26,29,22,235,"SG"
2472,"MAR",26,30,23,159,"SG"
2473,"APR",27,31,24,167,"SG"
2474,"MAY",27,31,24,162,"SG"
2475,"JUN",28,31,25,168,"SG"
2476,"JUL",27,31,24,157,"SG"
2477,"AUG",27,30,24,147,"SG"
2478,"SEP",27,30,24,164,"SG"
2479,"OCT",27,30,23,156,"SG"
2480,"NOV",27,30,24,183,"SG"
2481,"DEC",26,30,23,245,"SG"
2482,"JAN",20,28,13,445,"BW"
2483,"FEB",25,31,19,92,"BW"
2484,"MAR",25,30,18,85,"BW"
2485,"APR",23,29,17,66,"BW"
2486,"MAY",21,28,14,28,"BW"
2487,"JUN",17,25,9,6,"BW"
2488,"JUL",14,23,5,2,"BW"
2489,"AUG",14,23,5,1,"BW"
2490,"SEP",16,26,8,1,"BW"
2491,"OCT",21,29,12,5,"BW"
2492,"NOV",24,32,17,23,"BW"
2493,"DEC",25,32,18,49,"BW"
2494,"JAN",27,29,24,1469,"KY"
2495,"FEB",25,27,22,58,"KY"
2496,"MAR",25,27,21,44,"KY"
2497,"APR",26,28,22,31,"KY"
2498,"MAY",26,28,23,47,"KY"
2499,"JUN",27,30,25,131,"KY"
2500,"JUL",28,30,26,182,"KY"
2501,"AUG",28,31,26,179,"KY"
2502,"SEP",28,31,26,171,"KY"
2503,"OCT",28,30,25,212,"KY"
2504,"NOV",27,30,25,237,"KY"
2505,"DEC",27,28,24,120,"KY"
2506,"JAN",20,26,15,1302,"UG"
2507,"FEB",21,28,15,38,"UG"
2508,"MAR",22,28,15,62,"UG"
2509,"APR",21,28,16,114,"UG"
2510,"MAY",21,26,16,173,"UG"
2511,"JUN",20,26,15,156,"UG"
2512,"JUL",20,26,15,84,"UG"
2513,"AUG",20,25,14,79,"UG"
2514,"SEP",20,26,15,117,"UG"
2515,"OCT",20,26,15,125,"UG"
2516,"NOV",20,26,15,138,"UG"
2517,"DEC",20,26,15,117,"UG"
2518,"JAN",-7,-16,-23,355,"AQ"
2519,"FEB",-4,-5,-9,21,"AQ"
2520,"MAR",-8,-9,-15,25,"AQ"
2521,"APR",-12,-15,-22,32,"AQ"
2522,"MAY",-16,-18,-25,35,"AQ"
2523,"JUN",-18,-21,-27,31,"AQ"
2524,"JUL",-20,-23,-29,25,"AQ"
2525,"AUG",-21,-23,-31,30,"AQ"
2526,"SEP",-21,-25,-32,29,"AQ"
2527,"OCT",-20,-23,-30,33,"AQ"
2528,"NOV",-15,-18,-25,27,"AQ"
2529,"DEC",-9,-10,-16,22,"AQ"
2530,"JAN",16,21,12,683,"GR"
2531,"FEB",9,12,5,91,"GR"
2532,"MAR",9,13,5,74,"GR"
2533,"APR",11,15,7,63,"GR"
2534,"MAY",14,18,10,42,"GR"
2535,"JUN",19,23,14,32,"GR"
2536,"JUL",23,27,17,19,"GR"
2537,"AUG",25,30,20,9,"GR"
2538,"SEP",25,30,20,9,"GR"
2539,"OCT",22,27,17,30,"GR"
2540,"NOV",18,22,14,78,"GR"
2541,"DEC",13,17,10,101,"GR"
2542,"JAN",23,28,18,1372,"PY"
2543,"FEB",27,32,22,144,"PY"
2544,"MAR",27,32,22,126,"PY"
2545,"APR",26,31,21,133,"PY"
2546,"MAY",23,27,18,127,"PY"
2547,"JUN",20,25,16,112,"PY"
2548,"JUL",18,23,14,78,"PY"
2549,"AUG",18,23,13,53,"PY"
2550,"SEP",20,25,15,52,"PY"
2551,"OCT",21,26,16,85,"PY"
2552,"NOV",24,29,19,140,"PY"
2553,"DEC",25,30,20,151,"PY"
2554,"JAN",20,23,18,21,"EH"
2555,"FEB",17,21,14,3,"EH"
2556,"MAR",18,20,14,1,"EH"
2557,"APR",19,22,17,1,"EH"
2558,"MAY",19,22,16,NULL,"EH"
2559,"JUN",20,22,17,NULL,"EH"
2560,"JUL",21,24,18,NULL,"EH"
2561,"AUG",22,25,20,3,"EH"
2562,"SEP",23,27,21,2,"EH"
2563,"OCT",23,26,20,3,"EH"
2564,"NOV",22,25,19,3,"EH"
2565,"DEC",20,24,17,2,"EH"
