"id","airport_name","city_name","type","latitude","longitude","country_iso_code","country_name","timezone","iata_code","icao_code"
1,"Goroka","Goroka","PG","-6,081689","145,391881","PG","Papua New Guinea",10.00,"GKA","AYGA"
2,"Madang","Madang","PG","-5,207083","145,7887","PG","Papua New Guinea",10.00,"MAG","AYMD"
3,"Mount Hagen","Mount Hagen","PG","-5,826789","144,295861","PG","Papua New Guinea",10.00,"HGU","AYMH"
4,"Nadzab","Nadzab","PG","-6,569828","146,726242","PG","Papua New Guinea",10.00,"LAE","AYNZ"
5,"Port Moresby Jacksons Intl","Port Moresby","PG","-9,443383","147,22005","PG","Papua New Guinea",10.00,"POM","AYPY"
6,"Wewak Intl","Wewak","PG","-3,583828","143,669186","PG","Papua New Guinea",10.00,"WWK","AYWK"
7,"Narsarsuaq","Narssarssuaq","GL","61,160517","-45,425978","GL","Greenland",-3.00,"UAK","BGBW"
8,"Nuuk","Godthaab","GL","64,190922","-51,678064","GL","Greenland",-3.00,"GOH","BGGH"
9,"Sondre Stromfjord","Sondrestrom","GL","67,016969","-50,689325","GL","Greenland",-3.00,"SFJ","BGSF"
10,"Thule Air Base","Thule","GL","76,531203","-68,703161","GL","Greenland",-4.00,"THU","BGTL"
11,"Akureyri","Akureyri","IS","65,659994","-18,072703","IS","Iceland",0.00,"AEY","BIAR"
12,"Egilsstadir","Egilsstadir","IS","65,283333","-14,401389","IS","Iceland",0.00,"EGS","BIEG"
13,"Hornafjordur","Hofn","IS","64,295556","-15,227222","IS","Iceland",0.00,"HFN","BIHN"
14,"Husavik","Husavik","IS","65,952328","-17,425978","IS","Iceland",0.00,"HZK","BIHU"
15,"Isafjordur","Isafjordur","IS","66,058056","-23,135278","IS","Iceland",0.00,"IFJ","BIIS"
16,"Keflavik International Airport","Keflavik","IS","63,985","-22,605556","IS","Iceland",0.00,"KEF","BIKF"
17,"Patreksfjordur","Patreksfjordur","IS","65,555833","-23,965","IS","Iceland",0.00,"PFJ","BIPA"
18,"Reykjavik","Reykjavik","NA","64,13","-21,940556","NA","Iceland",0.00,"RKV","BIRK"
19,"Siglufjordur","Siglufjordur","IS","66,133333","-18,916667","IS","Iceland",0.00,"SIJ","BISI"
20,"Vestmannaeyjar","Vestmannaeyjar","IS","63,424303","-20,278875","IS","Iceland",0.00,"VEY","BIVM"
21,"Sault Ste Marie","Sault Sainte Marie","CA","46,485001","-84,509445","CA","Canada",-5.00,"YAM","CYAM"
22,"Winnipeg St Andrews","Winnipeg","CA","50,056389","-97,0325","CA","Canada",-6.00,"YAV","CYAV"
23,"Shearwater","Halifax","CA","44,639721","-63,499444","CA","Canada",-4.00,"YAW","CYAW"
24,"St Anthony","St. Anthony","CA","51,391944","-56,083056","CA","Canada",-4.00,"YAY","CYAY"
25,"Tofino","Tofino","CA","49,082222","-125,7725","CA","Canada",-8.00,"YAZ","CYAZ"
26,"Kugaaruk","Pelly Bay","CA","68,534444","-89,808056","CA","Canada",-6.00,"YBB","CYBB"
27,"Baie Comeau","Baie Comeau","CA","49,1325","-68,204444","CA","Canada",-5.00,"YBC","CYBC"
28,"Bagotville","Bagotville","CA","48,330555","-70,996391","CA","Canada",-5.00,"YBG","CYBG"
29,"Baker Lake","Baker Lake","CA","64,298889","-96,077778","CA","Canada",-6.00,"YBK","CYBK"
30,"Campbell River","Campbell River","CA","49,950832","-125,270833","CA","Canada",-8.00,"YBL","CYBL"
31,"Brandon Muni","Brandon","CA","49,91","-99,951944","CA","Canada",-6.00,"YBR","CYBR"
32,"Cambridge Bay","Cambridge Bay","CA","69,108055","-105,138333","CA","Canada",-7.00,"YCB","CYCB"
33,"Nanaimo","Nanaimo","CA","49,052333","-123,870167","CA","Canada",-8.00,"YCD","CYCD"
34,"Castlegar","Castlegar","CA","49,296389","-117,6325","CA","Canada",-8.00,"YCG","CYCG"
35,"Miramichi","Chatham","CA","47,007778","-65,449167","CA","Canada",-4.00,"YCH","CYCH"
36,"Charlo","Charlo","CA","47,990833","-66,330278","CA","Canada",-4.00,"YCL","CYCL"
37,"Kugluktuk","Coppermine","CA","67,816667","-115,143889","CA","Canada",-7.00,"YCO","CYCO"
38,"Coronation","Coronation","NA","52,075001","-111,445278","NA","Canada",-7.00,"YCT","CYCT"
39,"Chilliwack","Chilliwack","NA","49,152779","-121,93889","NA","Canada",-8.00,"YCW","CYCW"
40,"Clyde River","Clyde River","CA","70,486111","-68,516667","CA","Canada",-5.00,"YCY","CYCY"
41,"Fairmont Hot Springs","Coral Harbour","CA","64,193333","-83,359444","CA","Canada",-7.00,"YZS","CYCZ"
42,"Dawson City","Dawson","CA","64,043056","-139,127778","CA","Canada",-8.00,"YDA","CYDA"
43,"Burwash","Burwash","CA","61,371111","-139,040556","CA","Canada",-8.00,"YDB","CYDB"
44,"Princeton","Princeton","NA","49,468056","-120,511389","NA","Canada",-8.00,"YDC","CYDC"
45,"Deer Lake","Deer Lake","CA","49,210833","-57,391388","CA","Canada",-4.00,"YDF","CYDF"
46,"Dease Lake","Dease Lake","NA","58,422222","-130,032222","NA","Canada",-8.00,"YDL","CYDL"
47,"Dauphin Barker","Dauphin","CA","51,100834","-100,0525","CA","Canada",-6.00,"YDN","CYDN"
48,"Dawson Creek","Dawson Creek","CA","55,742333","-120,183","CA","Canada",-7.00,"YDQ","CYDQ"
49,"Edmonton Intl","Edmonton","CA","53,309723","-113,579722","CA","Canada",-7.00,"YEG","CYEG"
50,"Arviat","Eskimo Point","CA","61,094166","-94,070833","CA","Canada",-6.00,"YEK","CYEK"
51,"Estevan","Estevan","CA","49,210278","-102,965833","CA","Canada",-6.00,"YEN","CYEN"
52,"Edson","Edson","CA","53,578888","-116,465","CA","Canada",-7.00,"YET","CYET"
53,"Eureka","Eureka","CA","79,994722","-85,814167","CA","Canada",-6.00,"YEU","CYEU"
54,"Inuvik Mike Zubko","Inuvik","CA","68,304167","-133,482778","CA","Canada",-7.00,"YEV","CYEV"
55,"Iqaluit","Iqaluit","CA","63,75639","-68,555832","CA","Canada",-5.00,"YFB","CYFB"
56,"Fredericton","Fredericton","CA","45,868889","-66,537222","CA","Canada",-4.00,"YFC","CYFC"
57,"Forestville","Forestville","US","48,746111","-69,097222","US","Canada",-5.00,"","CYFE"
58,"Flin Flon","Flin Flon","CA","54,678055","-101,681667","CA","Canada",-6.00,"YFO","CYFO"
59,"Fort Resolution","Fort Resolution","CA","61,180832","-113,689722","CA","Canada",-7.00,"YFR","CYFR"
60,"Fort Simpson","Fort Simpson","CA","61,760153","-121,236525","CA","Canada",-7.00,"YFS","CYFS"
61,"Kingston","Kingston","CA","44,225277","-76,596944","CA","Canada",-5.00,"YGK","CYGK"
62,"La Grande Riviere","La Grande Riviere","CA","53,625278","-77,704167","CA","Canada",-5.00,"YGL","CYGL"
63,"Gaspe","Gaspe","CA","48,775278","-64,478611","CA","Canada",-5.00,"YGP","CYGP"
64,"Geraldton Greenstone Regional","Geraldton","CA","49,778332","-86,939445","CA","Canada",-5.00,"YGQ","CYGQ"
65,"Iles De La Madeleine","Iles De La Madeleine","CA","47,424721","-61,778056","CA","Canada",-4.00,"YGR","CYGR"
66,"Hudson Bay","Hudson Bay","NA","52,816666","-102,31139","NA","Canada",-6.00,"YHB","CYHB"
67,"Dryden Rgnl","Dryden","CA","49,831667","-92,744167","CA","Canada",-6.00,"YHD","CYHD"
68,"Ulukhaktok Holman","Holman Island","CA","70,762778","-117,806111","CA","Canada",-7.00,"YHI","CYHI"
69,"Gjoa Haven","Gjoa Haven","CA","68,635556","-95,849722","CA","Canada",-6.00,"YHK","CYHK"
70,"Hamilton","Hamilton","CA","43,173611","-79,935","CA","Canada",-5.00,"YHM","CYHM"
71,"St Hubert","Montreal","CA","45,5175","-73,416944","CA","Canada",-5.00,"YHU","CYHU"
72,"Hay River","Hay River","CA","60,839722","-115,782778","CA","Canada",-7.00,"YHY","CYHY"
73,"Halifax Intl","Halifax","CA","44,880833","-63,50861","CA","Canada",-4.00,"YHZ","CYHZ"
74,"Atikokan Muni","Atikokan","CA","48,773888","-91,638611","CA","Canada",-6.00,"YIB","CYIB"
75,"Pond Inlet","Pond Inlet","CA","72,683334","-77,966667","CA","Canada",-5.00,"YIO","CYIO"
76,"St Jean","St. Jean","CA","45,294445","-73,281111","CA","Canada",-5.00,"YJN","CYJN"
77,"Stephenville","Stephenville","CA","48,544167","-58,549999","CA","Canada",-4.00,"YJT","CYJT"
78,"Kamloops","Kamloops","CA","50,702222","-120,444444","CA","Canada",-8.00,"YKA","CYKA"
79,"Waterloo","Waterloo","CA","43,460833","-80,378611","CA","Canada",-5.00,"YKF","CYKF"
80,"Schefferville","Schefferville","CA","54,805278","-66,805278","CA","Canada",-4.00,"YKL","CYKL"
81,"Kindersley","Kindersley","CA","51,5175","-109,180833","CA","Canada",-6.00,"YKY","CYKY"
82,"Buttonville Muni","Toronto","CA","43,862221","-79,37","CA","Canada",-5.00,"YKZ","CYKZ"
83,"Chapleau","Chapleau","CA","47,82","-83,346667","CA","Canada",-5.00,"YLD","CYLD"
84,"Meadow Lake","Meadow Lake","CA","54,125278","-108,522778","CA","Canada",-6.00,"YLJ","CYLJ"
85,"Lloydminster","Lloydminster","CA","53,309166","-110,0725","CA","Canada",-6.00,"YLL","CYLL"
86,"Alert","Alert","CA","82,517778","-62,280556","CA","Canada",-5.00,"YLT","CYLT"
87,"Kelowna","Kelowna","CA","49,956112","-119,377778","CA","Canada",-8.00,"YLW","CYLW"
88,"Mayo","Mayo","CA","63,616389","-135,868333","CA","Canada",-8.00,"YMA","CYMA"
89,"Moose Jaw Air Vice Marshal C M Mcewen","Moose Jaw","CA","50,330278","-105,559167","CA","Canada",-6.00,"YMJ","CYMJ"
90,"Fort Mcmurray","Fort Mcmurray","CA","56,653333","-111,221944","CA","Canada",-7.00,"YMM","CYMM"
91,"Moosonee","Moosonee","CA","51,291111","-80,607778","CA","Canada",-5.00,"YMO","CYMO"
92,"Maniwaki","Maniwaki","NA","46,272778","-75,990556","NA","Canada",-5.00,"YMW","CYMW"
93,"Montreal Intl Mirabel","Montreal","CA","45,681944","-74,005278","CA","Canada",-5.00,"YMX","CYMX"
94,"Natashquan","Natashquan","CA","50,19","-61,789167","CA","Canada",-4.00,"YNA","CYNA"
95,"Gatineau","Gatineau","CA","45,521694","-75,563589","CA","Canada",-5.00,"YND","CYND"
96,"Matagami","Matagami","CA","49,761667","-77,802778","CA","Canada",-5.00,"YNM","CYNM"
97,"Old Crow","Old Crow","CA","67,570556","-139,839167","CA","Canada",-8.00,"YOC","CYOC"
98,"Cold Lake","Cold Lake","CA","54,404999","-110,279444","CA","Canada",-7.00,"YOD","CYOD"
99,"High Level","High Level","CA","58,621389","-117,164722","CA","Canada",-7.00,"YOJ","CYOJ"
100,"Ottawa Macdonald Cartier Intl","Ottawa","CA","45,3225","-75,669167","CA","Canada",-5.00,"YOW","CYOW"
101,"Prince Albert Glass Field","Prince Albert","CA","53,214167","-105,672778","CA","Canada",-6.00,"YPA","CYPA"
102,"Peace River","Peace River","CA","56,226944","-117,447222","CA","Canada",-7.00,"YPE","CYPE"
103,"Southport","Portage-la-prairie","CA","49,903056","-98,273889","CA","Canada",-6.00,"YPG","CYPG"
104,"Pitt Meadows","Pitt Meadows","US","49,21611","-122,71","US","Canada",-8.00,"","CYPK"
105,"Pickle Lake","Pickle Lake","CA","51,446388","-90,214167","CA","Canada",-6.00,"YPL","CYPL"
106,"Port Menier","Port Menier","CA","49,836389","-64,288611","CA","Canada",-5.00,"YPN","CYPN"
107,"Peterborough","Peterborough","CA","44,23","-78,363333","CA","Canada",-5.00,"YPQ","CYPQ"
108,"Prince Rupert","Prince Pupert","CA","54,28611","-130,444722","CA","Canada",-8.00,"YPR","CYPR"
109,"Fort Chipewyan","Fort Chipewyan","CA","58,767223","-111,117222","CA","Canada",-7.00,"YPY","CYPY"
110,"Muskoka","Muskoka","CA","44,974722","-79,303333","CA","Canada",-5.00,"YQA","CYQA"
111,"Quebec Jean Lesage Intl","Quebec","CA","46,791111","-71,393333","CA","Canada",-5.00,"YQB","CYQB"
112,"Red Deer Regional","Red Deer Industrial","CA","52,182222","-113,894444","CA","Canada",-7.00,"YQF","CYQF"
113,"Windsor","Windsor","CA","42,275556","-82,955556","CA","Canada",-5.00,"YQG","CYQG"
114,"Watson Lake","Watson Lake","CA","60,116389","-128,8225","CA","Canada",-8.00,"YQH","CYQH"
115,"Kenora","Kenora","CA","49,788334","-94,363056","CA","Canada",-6.00,"YQK","CYQK"
116,"Lethbridge","Lethbridge","CA","49,630278","-112,799722","CA","Canada",-7.00,"YQL","CYQL"
117,"Greater Moncton Intl","Moncton","CA","46,112221","-64,678611","CA","Canada",-4.00,"YQM","CYQM"
119,"Comox","Comox","CA","49,710833","-124,886667","CA","Canada",-8.00,"YQQ","CYQQ"
120,"Regina Intl","Regina","CA","50,431944","-104,665833","CA","Canada",-6.00,"YQR","CYQR"
121,"Thunder Bay","Thunder Bay","CA","48,371944","-89,323889","CA","Canada",-5.00,"YQT","CYQT"
122,"Grande Prairie","Grande Prairie","CA","55,179722","-118,885","CA","Canada",-7.00,"YQU","CYQU"
123,"Yorkton Muni","Yorkton","CA","51,264721","-102,461667","CA","Canada",-6.00,"YQV","CYQV"
124,"North Battleford","North Battleford","CA","52,769167","-108,24361","CA","Canada",-6.00,"YQW","CYQW"
125,"Gander Intl","Gander","CA","48,936944","-54,568056","CA","Canada",-4.00,"YQX","CYQX"
126,"Sydney","Sydney","CA","46,161388","-60,047779","CA","Canada",-4.00,"YQY","CYQY"
127,"Quesnel","Quesnel","CA","53,026112","-122,510278","CA","Canada",-8.00,"YQZ","CYQZ"
128,"Resolute Bay","Resolute","CA","74,716944","-94,969444","CA","Canada",-6.00,"YRB","CYRB"
129,"Riviere Du Loup","Riviere Du Loup","CA","47,764444","-69,584722","CA","Canada",-5.00,"YRI","CYRI"
130,"Roberval","Roberval","CA","48,52","-72,265556","CA","Canada",-5.00,"YRJ","CYRJ"
131,"Rocky Mountain House","Rocky Mountain House","NA","52,429722","-114,904167","NA","Canada",-7.00,"YRM","CYRM"
132,"Rankin Inlet","Rankin Inlet","CA","62,81139","-92,115833","CA","Canada",-6.00,"YRT","CYRT"
133,"Sudbury","Sudbury","CA","46,625","-80,798889","CA","Canada",-5.00,"YSB","CYSB"
134,"Sherbrooke","Sherbrooke","CA","45,438611","-71,691389","CA","Canada",-5.00,"YSC","CYSC"
135,"Saint John","St. John","CA","45,316111","-65,890278","CA","Canada",-4.00,"YSJ","CYSJ"
136,"Fort Smith","Fort Smith","CA","60,020278","-111,961944","CA","Canada",-7.00,"YSM","CYSM"
137,"Nanisivik","Nanisivik","CA","72,982222","-84,613611","CA","Canada",-5.00,"YSR","CYSR"
138,"Summerside","Summerside","CA","46,440556","-63,833611","CA","Canada",-4.00,"YSU","CYSU"
139,"Sachs Harbour","Sachs Harbour","CA","71,993889","-125,2425","CA","Canada",-7.00,"YSY","CYSY"
140,"Cape Dorset","Cape Dorset","CA","64,23","-76,526667","CA","Canada",-5.00,"YTE","CYTE"
141,"Thompson","Thompson","CA","55,801111","-97,864166","CA","Canada",-6.00,"YTH","CYTH"
142,"Trenton","Trenton","CA","44,118889","-77,528056","CA","Canada",-5.00,"YTR","CYTR"
143,"Timmins","Timmins","CA","48,569721","-81,376667","CA","Canada",-5.00,"YTS","CYTS"
144,"City Centre","Toronto","CA","43,627499","-79,396167","CA","Canada",-5.00,"YTZ","CYTZ"
145,"Tuktoyaktuk","Tuktoyaktuk","CA","69,433334","-133,026389","CA","Canada",-7.00,"YUB","CYUB"
146,"Pierre Elliott Trudeau Intl","Montreal","CA","45,470556","-73,740833","CA","Canada",-5.00,"YUL","CYUL"
147,"Repulse Bay","Repulse Bay","CA","66,521389","-86,224722","CA","Canada",-6.00,"YUT","CYUT"
148,"Hall Beach","Hall Beach","CA","68,776111","-81,243611","CA","Canada",-5.00,"YUX","CYUX"
149,"Rouyn Noranda","Rouyn","CA","48,206111","-78,835556","CA","Canada",-5.00,"YUY","CYUY"
150,"La Ronge","La Ronge","CA","55,15139","-105,261944","CA","Canada",-6.00,"YVC","CYVC"
151,"Vermilion","Vermillion","NA","53,355833","-110,82389","NA","Canada",-7.00,"YVG","CYVG"
152,"Qikiqtarjuaq","Broughton Island","CA","67,545833","-64,031389","CA","Canada",-5.00,"YVM","CYVM"
153,"Val D Or","Val D'or","CA","48,053333","-77,782778","CA","Canada",-5.00,"YVO","CYVO"
154,"Kuujjuaq","Quujjuaq","CA","58,096111","-68,426944","CA","Canada",-5.00,"YVP","CYVP"
155,"Norman Wells","Norman Wells","CA","65,281617","-126,798219","CA","Canada",-7.00,"YVQ","CYVQ"
156,"Vancouver Intl","Vancouver","CA","49,193889","-123,184444","CA","Canada",-8.00,"YVR","CYVR"
157,"Buffalo Narrows","Buffalo Narrows","CA","55,841944","-108,4175","CA","Canada",-6.00,"YVT","CYVT"
158,"Wiarton","Wiarton","CA","44,745834","-81,107222","CA","Canada",-5.00,"YVV","CYVV"
159,"Petawawa","Petawawa","CA","45,952221","-77,319168","CA","Canada",-5.00,"YWA","CYWA"
160,"Winnipeg Intl","Winnipeg","CA","49,910036","-97,239886","CA","Canada",-6.00,"YWG","CYWG"
161,"Wabush","Wabush","CA","52,921944","-66,864444","CA","Canada",-4.00,"YWK","CYWK"
162,"Williams Lake","Williams Lake","CA","52,183056","-122,054167","CA","Canada",-8.00,"YWL","CYWL"
163,"Wrigley","Wrigley","CA","63,209444","-123,436667","CA","Canada",-7.00,"YWY","CYWY"
164,"Canadian Rockies Intl","Cranbrook","CA","49,612222","-115,781944","CA","Canada",-7.00,"YXC","CYXC"
165,"Edmonton City Centre","Edmonton","CA","53,5725","-113,520556","CA","Canada",-7.00,"YXD","CYXD"
166,"Saskatoon J G Diefenbaker Intl","Saskatoon","CA","52,170834","-106,699722","CA","Canada",-6.00,"YXE","CYXE"
167,"Medicine Hat","Medicine Hat","CA","50,01889","-110,720833","CA","Canada",-7.00,"YXH","CYXH"
168,"Fort St John","Fort Saint John","CA","56,238056","-120,740278","CA","Canada",-8.00,"YXJ","CYXJ"
169,"Sioux Lookout","Sioux Lookout","CA","50,113889","-91,905278","CA","Canada",-6.00,"YXL","CYXL"
170,"Pangnirtung","Pangnirtung","CA","66,145","-65,713611","CA","Canada",-5.00,"YXP","CYXP"
171,"Timiskaming Rgnl","Earlton","CA","47,695","-79,848889","CA","Canada",-5.00,"YXR","CYXR"
172,"Prince George","Prince George","CA","53,889444","-122,678889","CA","Canada",-8.00,"YXS","CYXS"
173,"Terrace","Terrace","CA","54,468508","-128,576219","CA","Canada",-8.00,"YXT","CYXT"
174,"London","London","CA","43,033056","-81,151111","CA","Canada",-5.00,"YXU","CYXU"
175,"Abbotsford","Abbotsford","CA","49,025278","-122,360556","CA","Canada",-8.00,"YXX","CYXX"
176,"Whitehorse Intl","Whitehorse","CA","60,709553","-135,067269","CA","Canada",-8.00,"YXY","CYXY"
177,"North Bay","North Bay","CA","46,363611","-79,422778","CA","Canada",-5.00,"YYB","CYYB"
178,"Calgary Intl","Calgary","CA","51,113888","-114,020278","CA","Canada",-7.00,"YYC","CYYC"
179,"Smithers","Smithers","CA","54,824722","-127,182778","CA","Canada",-8.00,"YYD","CYYD"
180,"Fort Nelson","Fort Nelson","CA","58,836389","-122,596944","CA","Canada",-8.00,"YYE","CYYE"
181,"Penticton","Penticton","CA","49,463056","-119,602222","CA","Canada",-8.00,"YYF","CYYF"
182,"Charlottetown","Charlottetown","CA","46,290001","-63,121111","CA","Canada",-4.00,"YYG","CYYG"
183,"Taloyoak","Spence Bay","CA","69,546667","-93,576667","CA","Canada",-6.00,"YYH","CYYH"
184,"Victoria Intl","Victoria","CA","48,646944","-123,425833","CA","Canada",-8.00,"YYJ","CYYJ"
185,"Lynn Lake","Lynn Lake","CA","56,863888","-101,07611","CA","Canada",-6.00,"YYL","CYYL"
186,"Swift Current","Swift Current","CA","50,291944","-107,690556","CA","Canada",-6.00,"YYN","CYYN"
187,"Churchill","Churchill","CA","58,739167","-94,065","CA","Canada",-6.00,"YYQ","CYYQ"
188,"Goose Bay","Goose Bay","CA","53,319168","-60,425833","CA","Canada",-4.00,"YYR","CYYR"
189,"St Johns Intl","St. John's","CA","47,61861","-52,751945","CA","Canada",-3.00,"YYT","CYYT"
190,"Kapuskasing","Kapuskasing","CA","49,413889","-82,4675","CA","Canada",-5.00,"YYU","CYYU"
191,"Armstrong","Armstrong","CA","50,290279","-88,909721","CA","Canada",-5.00,"YYW","CYYW"
192,"Mont Joli","Mont Joli","CA","48,608612","-68,208056","CA","Canada",-5.00,"YYY","CYYY"
193,"Lester B Pearson Intl","Toronto","CA","43,677223","-79,630556","CA","Canada",-5.00,"YYZ","CYYZ"
194,"Downsview","Toronto","CA","43,7425","-79,465556","CA","Canada",-5.00,"YZD","CYZD"
195,"Gore Bay Manitoulin","Gore Bay","CA","45,885277","-82,567778","CA","Canada",-5.00,"YZE","CYZE"
196,"Yellowknife","Yellowknife","CA","62,462778","-114,440278","CA","Canada",-7.00,"YZF","CYZF"
197,"Slave Lake","Slave Lake","CA","55,293056","-114,777222","CA","Canada",-7.00,"YZH","CYZH"
198,"Sandspit","Sandspit","CA","53,254333","-131,813833","CA","Canada",-8.00,"YZP","CYZP"
199,"Chris Hadfield","Sarnia","CA","42,999444","-82,308889","CA","Canada",-5.00,"YZR","CYZR"
200,"Port Hardy","Port Hardy","CA","50,680556","-127,366667","CA","Canada",-8.00,"YZT","CYZT"
201,"Whitecourt","Whitecourt","CA","54,14389","-115,786667","CA","Canada",-7.00,"YZU","CYZU"
202,"Sept Iles","Sept-iles","CA","50,223333","-66,265556","CA","Canada",-5.00,"YZV","CYZV"
203,"Teslin","Teslin","CA","60,172779","-132,742778","CA","Canada",-8.00,"YZW","CYZW"
204,"Greenwood","Greenwood","CA","44,984444","-64,916944","CA","Canada",-4.00,"YZX","CYZX"
205,"Faro","Faro","CA","62,2075","-133,375833","CA","Canada",-8.00,"ZFA","CZFA"
206,"Fort Mcpherson","Fort Mcpherson","CA","67,4075","-134,860556","CA","Canada",-7.00,"ZFM","CZFM"
207,"Blida","Blida","US","36,503613","2,814167","US","Algeria",1.00,"","DAAB"
208,"Bou Saada","Bou Saada","US","35,3325","4,206389","US","Algeria",1.00,"","DAAD"
209,"Soummam","Bejaja","DZ","36,711997","5,069922","DZ","Algeria",1.00,"BJA","DAAE"
210,"Houari Boumediene","Algier","DZ","36,691014","3,215408","DZ","Algeria",1.00,"ALG","DAAG"
211,"Tiska","Djanet","DZ","24,292767","9,452444","DZ","Algeria",1.00,"DJG","DAAJ"
212,"Boufarik","Boufarik","US","36,545834","2,876111","US","Algeria",1.00,"","DAAK"
213,"Reggane","Reggan","US","26,710103","0,285647","US","Algeria",1.00,"","DAAN"
214,"Illizi Takhamalt","Illizi","DZ","26,723536","8,622653","DZ","Algeria",1.00,"VVZ","DAAP"
215,"Ain Oussera","Ain Oussera","US","35,525414","2,878714","US","Algeria",1.00,"","DAAQ"
216,"Tamanrasset","Tamanrasset","DZ","22,811461","5,451075","DZ","Algeria",1.00,"TMR","DAAT"
217,"Jijel","Jijel","DZ","36,795136","5,873608","DZ","Algeria",1.00,"GJL","DAAV"
218,"Mecheria","Mecheria","US","33,535853","-0,242353","US","Algeria",1.00,"","DAAY"
219,"Relizane","Relizane","US","35,752239","0,626272","US","Algeria",1.00,"","DAAZ"
220,"Annaba","Annaba","DZ","36,822225","7,809167","DZ","Algeria",1.00,"AAE","DABB"
221,"Mohamed Boudiaf Intl","Constantine","DZ","36,276028","6,620386","DZ","Algeria",1.00,"CZL","DABC"
222,"Cheikh Larbi Tebessi","Tebessa","DZ","35,431611","8,120717","DZ","Algeria",1.00,"TEE","DABS"
224,"Hassi R Mel","Tilrempt","DZ","32,930431","3,311542","DZ","Algeria",1.00,"HRM","DAFH"
225,"Bou Chekif","Tiaret","DZ","35,341136","1,463147","DZ","Algeria",1.00,"TID","DAOB"
226,"Bou Sfer","Bou Sfer","US","35,735389","-0,805389","US","Algeria",1.00,"","DAOE"
227,"Tindouf","Tindouf","DZ","27,700372","-8,167103","DZ","Algeria",1.00,"TIN","DAOF"
228,"Ech Cheliff","Ech-cheliff","DZ","36,212658","1,331775","DZ","Algeria",1.00,"QAS","DAOI"
229,"Tafaraoui","Oran","DZ","35,542444","-0,532278","DZ","Algeria",1.00,"TAF","DAOL"
230,"Zenata","Tlemcen","DZ","35,016667","-1,45","DZ","Algeria",1.00,"TLM","DAON"
231,"Es Senia","Oran","DZ","35,623858","-0,621183","DZ","Algeria",1.00,"ORN","DAOO"
232,"Sidi Bel Abbes","Sidi Bel Abbes","US","35,171775","-0,593275","US","Algeria",1.00,"","DAOS"
233,"Ghriss","Ghriss","DZ","35,207725","0,147142","DZ","Algeria",1.00,"MUW","DAOV"
234,"Touat Cheikh Sidi Mohamed Belkebir","Adrar","DZ","27,837589","-0,186414","DZ","Algeria",1.00,"AZR","DAUA"
235,"Biskra","Biskra","DZ","34,793289","5,738231","DZ","Algeria",1.00,"BSK","DAUB"
236,"El Golea","El Golea","DZ","30,571294","2,859586","DZ","Algeria",1.00,"ELG","DAUE"
237,"Noumerat","Ghardaia","DZ","32,384106","3,794114","DZ","Algeria",1.00,"GHA","DAUG"
238,"Oued Irara","Hassi-messaoud","DZ","31,672972","6,140444","DZ","Algeria",1.00,"HME","DAUH"
239,"In Salah","In Salah","DZ","27,251022","2,512017","DZ","Algeria",1.00,"INZ","DAUI"
240,"Sidi Mahdi","Touggourt","DZ","33,067803","6,088672","DZ","Algeria",1.00,"TGR","DAUK"
241,"Laghouat","Laghouat","DZ","33,764383","2,928344","DZ","Algeria",1.00,"LOO","DAUL"
242,"Timimoun","Timimoun","DZ","29,237119","0,276033","DZ","Algeria",1.00,"TMX","DAUT"
243,"Ouargla","Ouargla","DZ","31,917223","5,412778","DZ","Algeria",1.00,"OGX","DAUU"
244,"In Amenas","Zarzaitine","DZ","28,05155","9,642911","DZ","Algeria",1.00,"IAM","DAUZ"
245,"Cadjehoun","Cotonou","BJ","6,357228","2,384353","BJ","Benin",1.00,"COO","DBBB"
246,"Ouagadougou","Ouagadougou","BF","12,353194","-1,512417","BF","Burkina Faso",0.00,"OUA","DFFD"
247,"Bobo Dioulasso","Bobo-dioulasso","BF","11,160056","-4,330969","BF","Burkina Faso",0.00,"BOY","DFOO"
248,"Kotoka Intl","Accra","GH","5,605186","-0,166786","GH","Ghana",0.00,"ACC","DGAA"
249,"Tamale","Tamale","GH","9,557192","-0,863214","GH","Ghana",0.00,"TML","DGLE"
250,"Wa","Wa","US","10,082664","-2,507694","US","Ghana",0.00,"","DGLW"
251,"Sunyani","Sunyani","GH","7,361828","-2,328756","GH","Ghana",0.00,"NYI","DGSN"
252,"Takoradi","Takoradi","GH","4,896056","-1,774756","GH","Ghana",0.00,"TKD","DGTK"
253,"Abidjan Felix Houphouet Boigny Intl","Abidjan","CI","5,261386","-3,926294","CI","Cote d'Ivoire",0.00,"ABJ","DIAP"
254,"Bouake","Bouake","CI","7,7388","-5,073667","CI","Cote d'Ivoire",0.00,"BYK","DIBK"
255,"Daloa","Daloa","CI","6,792808","-6,473189","CI","Cote d'Ivoire",0.00,"DJO","DIDL"
256,"Korhogo","Korhogo","CI","9,387183","-5,556664","CI","Cote d'Ivoire",0.00,"HGO","DIKO"
257,"Man","Man","CI","7,272069","-7,587364","CI","Cote d'Ivoire",0.00,"MJC","DIMN"
258,"San Pedro","San Pedro","CI","4,746717","-6,660817","CI","Cote d'Ivoire",0.00,"SPY","DISP"
259,"Yamoussoukro","Yamoussoukro","CI","6,903167","-5,365581","CI","Cote d'Ivoire",0.00,"ASK","DIYO"
260,"Nnamdi Azikiwe Intl","Abuja","NG","9,006792","7,263172","NG","Nigeria",1.00,"ABV","DNAA"
261,"Akure","Akure","NG","7,246739","5,301008","NG","Nigeria",1.00,"AKR","DNAK"
262,"Benin","Benin","NG","6,316981","5,599503","NG","Nigeria",1.00,"BNI","DNBE"
263,"Calabar","Calabar","NG","4,976019","8,347197","NG","Nigeria",1.00,"CBQ","DNCA"
264,"Enugu","Enugu","NG","6,474272","7,561961","NG","Nigeria",1.00,"ENU","DNEN"
265,"Gusau","Gusau","NG","12,171667","6,696111","NG","Nigeria",1.00,"QUS","DNGU"
266,"Ibadan","Ibadan","NG","7,362458","3,978333","NG","Nigeria",1.00,"IBA","DNIB"
267,"Ilorin","Ilorin","NG","8,440211","4,493919","NG","Nigeria",1.00,"ILR","DNIL"
268,"Yakubu Gowon","Jos","NG","9,639828","8,86905","NG","Nigeria",1.00,"JOS","DNJO"
269,"Kaduna","Kaduna","NG","10,696025","7,320114","NG","Nigeria",1.00,"KAD","DNKA"
270,"Mallam Aminu Intl","Kano","NG","12,047589","8,524622","NG","Nigeria",1.00,"KAN","DNKN"
271,"Maiduguri","Maiduguri","NG","11,855347","13,08095","NG","Nigeria",1.00,"MIU","DNMA"
272,"Makurdi","Makurdi","NG","7,703883","8,613939","NG","Nigeria",1.00,"MDI","DNMK"
273,"Murtala Muhammed","Lagos","NG","6,577369","3,321156","NG","Nigeria",1.00,"LOS","DNMM"
274,"Minna New","Minna","NG","9,652172","6,462256","NG","Nigeria",1.00,"MXJ","DNMN"
275,"Port Harcourt Intl","Port Hartcourt","NG","5,015494","6,949594","NG","Nigeria",1.00,"PHC","DNPO"
276,"Sadiq Abubakar Iii Intl","Sokoto","NG","12,916322","5,207189","NG","Nigeria",1.00,"SKO","DNSO"
277,"Yola","Yola","NG","9,257553","12,430422","NG","Nigeria",1.00,"YOL","DNYO"
278,"Zaria","Zaria","NG","11,130192","7,685806","NG","Nigeria",1.00,"ZAR","DNZA"
279,"Maradi","Maradi","NE","13,502531","7,126753","NE","Niger",1.00,"MFQ","DRRM"
280,"Diori Hamani","Niamey","NE","13,481547","2,183614","NE","Niger",1.00,"NIM","DRRN"
281,"Tahoua","Tahoua","NE","14,875658","5,265358","NE","Niger",1.00,"THZ","DRRT"
282,"Manu Dayak","Agadez","NE","16,965997","8,000114","NE","Niger",1.00,"AJY","DRZA"
283,"Dirkou","Dirkou","US","18,968703","12,86865","US","Niger",1.00,"","DRZD"
284,"Diffa","Diffa","US","13,372894","12,626686","US","Niger",1.00,"","DRZF"
285,"Zinder","Zinder","NE","13,778997","8,983761","NE","Niger",1.00,"ZND","DRZR"
286,"Habib Bourguiba Intl","Monastir","TN","35,758056","10,754722","TN","Tunisia",1.00,"MIR","DTMB"
287,"Carthage","Tunis","TN","36,851033","10,227217","TN","Tunisia",1.00,"TUN","DTTA"
288,"Sidi Ahmed Air Base","Bizerte","US","37,245447","9,791453","US","Tunisia",1.00,"","DTTB"
289,"Remada","Remada","US","32,306156","10,382108","US","Tunisia",1.00,"","DTTD"
290,"Gafsa","Gafsa","TN","34,422022","8,822503","TN","Tunisia",1.00,"GAF","DTTF"
291,"Gabes","Gabes","TN","33,876919","10,103333","TN","Tunisia",1.00,"GAE","DTTG"
292,"Borj El Amri","Bordj El Amri","US","36,721339","9,943147","US","Tunisia",1.00,"","DTTI"
293,"Zarzis","Djerba","TN","33,875031","10,775461","TN","Tunisia",1.00,"DJE","DTTJ"
294,"El Borma","El Borma","TN","31,704281","9,254619","TN","Tunisia",1.00,"EBM","DTTR"
295,"Thyna","Sfax","TN","34,717953","10,690972","TN","Tunisia",1.00,"SFA","DTTX"
296,"Nefta","Tozeur","TN","33,939722","8,110556","TN","Tunisia",1.00,"TOE","DTTZ"
297,"Niamtougou International","Niatougou","TG","9,767333","1,09125","TG","Togo",1.00,"LRL","DXNG"
298,"Gnassingbe Eyadema Intl","Lome","TG","6,165611","1,254511","TG","Togo",1.00,"LFW","DXXX"
299,"Deurne","Antwerp","BE","51,189444","4,460278","BE","Belgium",1.00,"ANR","EBAW"
300,"Beauvechain","Beauvechain","US","50,75861","4,768333","US","Belgium",1.00,"","EBBE"
301,"Kleine Brogel","Kleine Brogel","US","51,168333","5,47","US","Belgium",1.00,"","EBBL"
302,"Brussels Natl","Brussels","BE","50,901389","4,484444","BE","Belgium",1.00,"BRU","EBBR"
303,"Bertrix","Bertrix","US","49,891667","5,223889","US","Belgium",1.00,"","EBBX"
304,"Brussels South","Charleroi","BE","50,459197","4,453817","BE","Belgium",1.00,"CRL","EBCI"
305,"Chievres Ab","Chievres","US","50,575833","3,831","US","Belgium",1.00,"","EBCV"
306,"Koksijde","Koksijde","US","51,090278","2,652778","US","Belgium",1.00,"","EBFN"
307,"Florennes","Florennes","US","50,243333","4,645833","US","Belgium",1.00,"","EBFS"
308,"Wevelgem","Kortrijk-vevelgem","NA","50,817222","3,204722","NA","Belgium",1.00,"QKT","EBKT"
309,"Liege","Liege","BE","50,637417","5,443222","BE","Belgium",1.00,"LGG","EBLG"
310,"Oostende","Ostend","BE","51,198889","2,862222","BE","Belgium",1.00,"OST","EBOS"
311,"Zutendaal","Zutendaal","US","50,9475","5,590556","US","Belgium",1.00,"","EBSL"
312,"Sint Truiden","Sint-truiden","US","50,791944","5,201667","US","Belgium",1.00,"","EBST"
313,"Saint Hubert Mil","St.-hubert","US","50,035833","5,404167","US","Belgium",1.00,"","EBSU"
314,"Ursel","Ursel","US","51,144133","3,474361","US","Belgium",1.00,"","EBUL"
315,"Weelde","Weelde","US","51,394783","4,960194","US","Belgium",1.00,"","EBWE"
316,"Zoersel","Zoersel","US","51,264722","4,753333","US","Belgium",1.00,"","EBZR"
317,"Bautzen","Bautzen","DE","51,193531","14,519747","DE","Germany",1.00,"BBJ","EDAB"
318,"Altenburg Nobitz","Altenburg","DE","50,981817","12,506361","DE","Germany",1.00,"AOC","EDAC"
319,"Dessau","Dessau","US","51,831828","12,184033","US","Germany",1.00,"","EDAD"
320,"Eisenhuttenstadt","Eisenhuettenstadt","US","52,197333","14,585667","US","Germany",1.00,"","EDAE"
322,"Grossenhain","Suhl","US","51,308111","13,554973","US","Germany",1.00,"","EDAK"
323,"Merseburg","Muehlhausen","US","51,363","11,940833","US","Germany",1.00,"","EDAM"
324,"Halle Oppin","Halle","US","51,552","12,052667","US","Germany",1.00,"","EDAQ"
325,"Riesa Gohlis","Riesa","US","51,2935","13,356","US","Germany",1.00,"","EDAU"
326,"Rechlin Larz","Rechlin-laerz","US","53,306417","12,753139","US","Germany",1.00,"","EDAX"
327,"Strausberg","Strausberg","US","52,579978","13,915683","US","Germany",1.00,"","EDAY"
328,"Schonhagen","Schoenhagen","US","52,203258","13,158408","US","Germany",1.00,"","EDAZ"
329,"Barth","Barth","DE","54,33754","12,699705","DE","Germany",1.00,"BBH","EDBH"
330,"Jena Schongleina","Jena","US","50,915161","11,714519","US","Germany",1.00,"","EDBJ"
331,"Kyritz","Kyritz","US","52,918833","12,425333","US","Germany",1.00,"","EDBK"
332,"Magdeburg","Magdeburg","US","52,073658","11,626467","US","Germany",1.00,"","EDBM"
333,"Rothenburg Gorlitz","Rothenburg/ol","US","51,363167","14,95","US","Germany",1.00,"","EDBR"
334,"Anklam","Anklam","US","53,8327","13,669131","US","Germany",1.00,"","EDCA"
335,"Cottbus Drewitz","Cottbus","US","51,889475","14,531986","US","Germany",1.00,"","EDCD"
336,"Kamenz","Kamenz","US","51,29625","14,129","US","Germany",1.00,"","EDCM"
337,"Schonefeld","Berlin","DE","52,380001","13,5225","DE","Germany",1.00,"SXF","EDDB"
338,"Dresden","Dresden","DE","51,132767","13,767161","DE","Germany",1.00,"DRS","EDDC"
339,"Erfurt","Erfurt","DE","50,979811","10,958106","DE","Germany",1.00,"ERF","EDDE"
340,"Frankfurt Main","Frankfurt","DE","50,026421","8,543125","DE","Germany",1.00,"FRA","EDDF"
341,"Munster Osnabruck","Muenster/osnabrueck","DE","52,134642","7,684831","DE","Germany",1.00,"FMO","EDDG"
342,"Hamburg","Hamburg","DE","53,630389","9,988228","DE","Germany",1.00,"HAM","EDDH"
343,"Tempelhof","Berlin","DE","52,473025","13,403944","DE","Germany",1.00,"THF","EDDI"
344,"Koln Bonn","Cologne","DE","50,865917","7,142744","DE","Germany",1.00,"CGN","EDDK"
345,"Dusseldorf","Duesseldorf","DE","51,289453","6,766775","DE","Germany",1.00,"DUS","EDDL"
346,"Franz Josef Strauss","Munich","DE","48,353783","11,786086","DE","Germany",1.00,"MUC","EDDM"
347,"Nurnberg","Nuernberg","DE","49,4987","11,066897","DE","Germany",1.00,"NUE","EDDN"
348,"Leipzig Halle","Leipzig","DE","51,432447","12,241633","DE","Germany",1.00,"LEJ","EDDP"
349,"Saarbrucken","Saarbruecken","DE","49,214553","7,109508","DE","Germany",1.00,"SCN","EDDR"
350,"Stuttgart","Stuttgart","DE","48,689878","9,221964","DE","Germany",1.00,"STR","EDDS"
351,"Tegel","Berlin","DE","52,559686","13,287711","DE","Germany",1.00,"TXL","EDDT"
352,"Hannover","Hannover","DE","52,461056","9,685078","DE","Germany",1.00,"HAJ","EDDV"
353,"Neuenland","Bremen","DE","53,0475","8,786667","DE","Germany",1.00,"BRE","EDDW"
354,"Egelsbach","Egelsbach","US","49,960833","8,6415","US","Germany",1.00,"","EDFE"
355,"Frankfurt Hahn","Hahn","DE","49,948672","7,263892","DE","Germany",1.00,"HHN","EDFH"
356,"Mannheim City","Mannheim","DE","49,472706","8,514264","DE","Germany",1.00,"MHG","EDFM"
357,"Allendorf Eder","Allendorf","US","51,034878","8,680839","US","Germany",1.00,"","EDFQ"
358,"Worms","Worms","US","49,606511","8,3684","US","Germany",1.00,"","EDFV"
359,"Mainz Finthen","Mainz","US","49,968931","8,148336","US","Germany",1.00,"","EDFZ"
360,"Eisenach Kindel","Eisenach","US","50,992797","10,472711","US","Germany",1.00,"","EDGE"
361,"Siegerland","Siegerland","US","50,707658","8,082969","US","Germany",1.00,"","EDGS"
362,"Hamburg Finkenwerder","Hamburg","DE","53,535886","9,837025","DE","Germany",1.00,"XFW","EDHI"
363,"Kiel Holtenau","Kiel","DE","54,3795","10,145167","DE","Germany",1.00,"KEL","EDHK"
364,"Lubeck Blankensee","Luebeck","DE","53,805367","10,719222","DE","Germany",1.00,"LBC","EDHL"
365,"Dahlemer Binz","Dahlemer Binz","US","50,405888","6,528083","US","Germany",1.00,"","EDKV"
366,"Meinerzhagen","Meinerzhagen","US","51,099445","7,601944","US","Germany",1.00,"","EDKZ"
367,"Arnsberg Menden","Arnsberg","NA","51,483333","7,899333","NA","Germany",1.00,"ZCA","EDLA"
368,"Essen Mulheim","Essen","DE","51,402333","6,937333","DE","Germany",1.00,"ESS","EDLE"
369,"Bielefeld","Bielefeld","US","51,964833","8,544833","US","Germany",1.00,"","EDLI"
370,"Monchengladbach","Moenchengladbach","DE","51,230356","6,504494","DE","Germany",1.00,"MGL","EDLN"
371,"Paderborn Lippstadt","Paderborn","DE","51,614089","8,616317","DE","Germany",1.00,"PAD","EDLP"
372,"Stadtlohn Vreden","Stadtlohn","US","51,995844","6,840667","US","Germany",1.00,"","EDLS"
373,"Dortmund","Dortmund","DE","51,518314","7,612242","DE","Germany",1.00,"DTM","EDLW"
374,"Augsburg","Augsburg","DE","48,425158","10,931764","DE","Germany",1.00,"AGB","EDMA"
375,"Biberach An Der Riss","Biberach","US","48,111","9,762833","US","Germany",1.00,"","EDMB"
376,"Eggenfelden","Eggenfelden","US","48,396167","12,723667","US","Germany",1.00,"","EDME"
377,"Mindelheim Mattsies","Mindelheim","US","48,108833","10,524333","US","Germany",1.00,"","EDMN"
378,"Oberpfaffenhofen","Oberpfaffenhofen","DE","48,081364","11,283067","DE","Germany",1.00,"OBF","EDMO"
379,"Straubing","Straubing","US","48,90095","12,518186","US","Germany",1.00,"","EDMS"
380,"Vilshofen","Vilshofen","US","48,635167","13,195667","US","Germany",1.00,"","EDMV"
381,"Leutkirch Unterzeil","Leutkirch","US","47,859117","10,014572","US","Germany",1.00,"","EDNL"
382,"Friedrichshafen","Friedrichshafen","DE","47,671317","9,511486","DE","Germany",1.00,"FDH","EDNY"
383,"Schwerin Parchim","Parchim","DE","53,426997","11,783436","DE","Germany",1.00,"SZW","EDOP"
384,"Stendal Borstel","Stendal","CA","52,627778","11,818333","CA","Germany",1.00,"ZSN","EDOV"
385,"Aalen Heidenheim Elchingen","Aalen-heidenheim","US","48,777833","10,264667","US","Germany",1.00,"","EDPA"
386,"Bayreuth","Bayreuth","DE","49,984428","11,638569","DE","Germany",1.00,"BYU","EDQD"
387,"Burg Feuerstein","Burg Feuerstein","US","49,793833","11,133167","US","Germany",1.00,"","EDQE"
388,"Hof Plauen","Hof","DE","50,288836","11,854919","DE","Germany",1.00,"HOQ","EDQM"
389,"Hassfurt Schweinfurt","Hassfurt","US","50,018","10,5295","US","Germany",1.00,"","EDQT"
390,"Koblenz Winningen","Koblenz","NA","50,3255","7,528667","NA","Germany",1.00,"ZNV","EDRK"
391,"Trier Fohren","Trier","NA","49,8635","6,788167","NA","Germany",1.00,"ZQF","EDRT"
392,"Speyer","Speyer","NA","49,302776","8,451195","NA","Germany",1.00,"ZQC","EDRY"
393,"Zweibrucken","Zweibruecken","US","49,209525","7,400647","US","Germany",1.00,"","EDRZ"
394,"Donaueschingen Villingen","Donaueschingen","DE","47,973331","8,522223","DE","Germany",1.00,"ZQL","EDTD"
395,"Freiburg","Freiburg","US","48,022653","7,832583","US","Germany",1.00,"","EDTF"
396,"Mengen Hohentengen","Mengen","US","48,053833","9,372833","US","Germany",1.00,"","EDTM"
397,"Schwabisch Hall","Schwaebisch Hall","US","49,118317","9,783956","US","Germany",1.00,"","EDTY"
398,"Finsterwalde Schacksdorf","Soest","US","51,6075","13,738","US","Germany",1.00,"","EDUS"
399,"Braunschweig Wolfsburg","Braunschweig","DE","52,319167","10,556111","DE","Germany",1.00,"BWE","EDVE"
400,"Kassel Calden","Kassel","DE","51,408394","9,377631","DE","Germany",1.00,"KSF","EDVK"
401,"Hildesheim","Hildesheim","US","52,179833","9,945667","US","Germany",1.00,"","EDVM"
402,"Bremerhaven","Bremerhaven","DE","53,507081","8,572878","DE","Germany",1.00,"BRV","EDWB"
403,"Emden","Emden","DE","53,391186","7,227408","DE","Germany",1.00,"EME","EDWE"
404,"Leer Papenburg","Leer","US","53,271592","7,442344","US","Germany",1.00,"","EDWF"
405,"Wilhelmshaven Mariensiel","Wilhelmshaven","DE","53,504833","8,053333","DE","Germany",1.00,"WVN","EDWI"
406,"Borkum","Borkum","DE","53,5955","6,709167","DE","Germany",1.00,"BMK","EDWR"
407,"Norderney","Norderney","DE","53,706822","7,230247","DE","Germany",1.00,"NRD","EDWY"
408,"Flensburg Schaferhaus","Flensburg","DE","54,771772","9,378214","DE","Germany",1.00,"FLF","EDXF"
409,"Rendsburg Schachtholm","Rendsburg","US","54,220928","9,600803","US","Germany",1.00,"","EDXR"
410,"Westerland Sylt","Westerland","DE","54,91325","8,340472","DE","Germany",1.00,"GWT","EDXW"
411,"Amari","Armari Air Force Base","US","59,260286","24,208467","US","Estonia",2.00,"","EEEI"
412,"Kardla","Kardla","EE","58,990756","22,830733","EE","Estonia",2.00,"KDL","EEKA"
413,"Kuressaare","Kuressaare","EE","58,229883","22,509494","EE","Estonia",2.00,"URE","EEKE"
414,"Parnu","Parnu","EE","58,419044","24,472819","EE","Estonia",2.00,"EPU","EEPU"
415,"Tallinn","Tallinn-ulemiste International","EE","59,413317","24,832844","EE","Estonia",2.00,"TLL","EETN"
416,"Tartu","Tartu-ulenurme","EE","58,307461","26,690428","EE","Estonia",2.00,"TAY","EETU"
417,"Enontekio","Enontekio","FI","68,362586","23,424322","FI","Finland",2.00,"ENF","EFET"
418,"Eura","Eura","US","61,116112","22,201389","US","Finland",2.00,"","EFEU"
419,"Halli","Halli","FI","61,85605","24,7866","FI","Finland",2.00,"KEV","EFHA"
420,"Helsinki Malmi","Helsinki","FI","60,254558","25,042828","FI","Finland",2.00,"HEM","EFHF"
421,"Helsinki Vantaa","Helsinki","FI","60,317222","24,963333","FI","Finland",2.00,"HEL","EFHK"
422,"Hameenkyro","Hameenkyro","US","61,689656","23,073744","US","Finland",2.00,"","EFHM"
423,"Hanko","Hanko","US","59,848864","23,083583","US","Finland",2.00,"","EFHN"
424,"Hyvinkaa","Hyvinkaa","US","60,654444","24,881111","US","Finland",2.00,"","EFHV"
425,"Kiikala","Kikala","US","60,462502","23,6525","US","Finland",2.00,"","EFIK"
426,"Immola","Immola","US","61,249172","28,903711","US","Finland",3.00,"","EFIM"
427,"Kitee","Kitee","US","62,166111","30,073611","US","Finland",3.00,"","EFIT"
428,"Ivalo","Ivalo","FI","68,607269","27,405328","FI","Finland",2.00,"IVL","EFIV"
429,"Joensuu","Joensuu","FI","62,662906","29,60755","FI","Finland",2.00,"JOE","EFJO"
430,"Jyvaskyla","Jyvaskyla","FI","62,399453","25,678253","FI","Finland",2.00,"JYV","EFJY"
431,"Kauhava","Kauhava","FI","63,127078","23,051442","FI","Finland",2.00,"KAU","EFKA"
432,"Kemi Tornio","Kemi","FI","65,781889","24,5991","FI","Finland",2.00,"KEM","EFKE"
433,"Kajaani","Kajaani","FI","64,285472","27,692414","FI","Finland",2.00,"KAJ","EFKI"
434,"Kauhajoki","Kauhajoki","US","62,462502","22,393055","US","Finland",2.00,"","EFKJ"
435,"Kruunupyy","Kruunupyy","FI","63,721172","23,143131","FI","Finland",2.00,"KOK","EFKK"
436,"Kemijarvi","Kemijarvi","US","66,712883","27,156786","US","Finland",2.00,"","EFKM"
437,"Kuusamo","Kuusamo","FI","65,987575","29,239381","FI","Finland",2.00,"KAO","EFKS"
438,"Kittila","Kittila","FI","67,701022","24,84685","FI","Finland",2.00,"KTT","EFKT"
439,"Kuopio","Kuopio","FI","63,00715","27,797756","FI","Finland",2.00,"KUO","EFKU"
440,"Lahti Vesivehmaa","Vesivehmaa","US","61,144158","25,693508","US","Finland",2.00,"","EFLA"
441,"Lappeenranta","Lappeenranta","FI","61,044553","28,144397","FI","Finland",2.00,"LPP","EFLP"
442,"Mariehamn","Mariehamn","FI","60,122203","19,898156","FI","Finland",1.00,"MHQ","EFMA"
443,"Menkijarvi","Menkijarvi","US","62,946667","23,518889","US","Finland",2.00,"","EFME"
444,"Mikkeli","Mikkeli","FI","61,6866","27,201794","FI","Finland",2.00,"MIK","EFMI"
445,"Nummela","Nummela","US","60,333889","24,296389","US","Finland",2.00,"","EFNU"
446,"Oulu","Oulu","FI","64,930061","25,354564","FI","Finland",2.00,"OUL","EFOU"
447,"Piikajarvi","Piikajarvi","US","61,245558","22,193356","US","Finland",2.00,"","EFPI"
448,"Pori","Pori","FI","61,461686","21,799983","FI","Finland",2.00,"POR","EFPO"
449,"Pudasjarvi","Pudasjarvi","US","65,402222","26,946944","US","Finland",2.00,"","EFPU"
450,"Pyhasalmi","Pyhasalmi","US","63,731917","25,926306","US","Finland",2.00,"","EFPY"
451,"Raahe Pattijoki","Pattijoki","US","64,688056","24,695833","US","Finland",2.00,"","EFRH"
452,"Rantasalmi","Rantasalmi","US","62,065481","28,356494","US","Finland",2.00,"","EFRN"
453,"Rovaniemi","Rovaniemi","FI","66,564822","25,830411","FI","Finland",2.00,"RVN","EFRO"
454,"Rayskala","Rayskala","US","60,744722","24,107778","US","Finland",2.00,"","EFRY"
455,"Savonlinna","Savonlinna","FI","61,943064","28,945136","FI","Finland",2.00,"SVL","EFSA"
456,"Selanpaa","Selanpaa","US","61,062389","26,798861","US","Finland",2.00,"","EFSE"
457,"Sodankyla","Sodankyla","FI","67,395033","26,619133","FI","Finland",2.00,"SOT","EFSO"
458,"Tampere Pirkkala","Tampere","FI","61,414147","23,604392","FI","Finland",2.00,"TMP","EFTP"
459,"Teisko","Teisko","US","61,77335","24,027006","US","Finland",2.00,"","EFTS"
460,"Turku","Turku","FI","60,514142","22,262808","FI","Finland",2.00,"TKU","EFTU"
461,"Utti","Utti","NA","60,896394","26,938353","NA","Finland",2.00,"QVY","EFUT"
462,"Vaasa","Vaasa","FI","63,05065","21,762175","FI","Finland",2.00,"VAA","EFVA"
463,"Varkaus","Varkaus","FI","62,171111","27,868611","FI","Finland",2.00,"VRK","EFVR"
464,"Ylivieska","Ylivieska-raudaskyla","US","64,060547","24,715953","US","Finland",2.00,"","EFYL"
465,"Aldergrove","Belfast","GB","54,6575","-6,215833","GB","United Kingdom",0.00,"BFS","EGAA"
466,"St Angelo","Enniskillen","GB","54,398889","-7,651667","GB","United Kingdom",0.00,"ENK","EGAB"
467,"City","Belfast","GB","54,618056","-5,8725","GB","United Kingdom",0.00,"BHD","EGAC"
468,"Londonderry Eglinton","Londonderry","GB","55,042778","-7,161111","GB","United Kingdom",0.00,"LDY","EGAE"
469,"Birmingham","Birmingham","GB","52,453856","-1,748028","GB","United Kingdom",0.00,"BHX","EGBB"
470,"Coventry","Coventry","GB","52,369722","-1,479722","GB","United Kingdom",0.00,"CVT","EGBE"
471,"Leicester","Leicester","US","52,607778","-1,031944","US","United Kingdom",0.00,"","EGBG"
472,"Gloucestershire","Golouchestershire","GB","51,894167","-2,167222","GB","United Kingdom",0.00,"GLO","EGBJ"
474,"Wolverhampton","Halfpenny Green","US","52,5175","-2,259444","US","United Kingdom",0.00,"","EGBO"
475,"Kemble","Pailton","US","51,668056","-2,056944","US","United Kingdom",0.00,"","EGBP"
476,"Turweston","Turweston","US","52,040833","-1,095556","US","United Kingdom",0.00,"","EGBT"
477,"Wellesbourne Mountford","Wellesbourne","US","52,192222","-1,614444","US","United Kingdom",0.00,"","EGBW"
478,"Manchester","Manchester","GB","53,353744","-2,27495","GB","United Kingdom",0.00,"MAN","EGCC"
479,"Manchester Woodford","Woodfort","US","53,338056","-2,148889","US","United Kingdom",0.00,"","EGCD"
480,"Chivenor","Chivenor","US","51,087167","-4,150339","US","United Kingdom",0.00,"","EGDC"
481,"St Mawgan","Newquai","GB","50,440558","-4,995408","GB","United Kingdom",0.00,"NQY","EGDG"
482,"Lyneham","Lyneham","GB","51,505144","-1,993428","GB","United Kingdom",0.00,"LYE","EGDL"
483,"Boscombe Down","Boscombe Down","US","51,152189","-1,747414","US","United Kingdom",0.00,"","EGDM"
484,"Culdrose","Culdrose","US","50,086092","-5,255711","US","United Kingdom",0.00,"","EGDR"
485,"St Athan","St. Athan","US","51,404811","-3,43575","US","United Kingdom",0.00,"","EGDX"
486,"Yeovilton","Yeovilton","GB","51,009358","-2,638819","GB","United Kingdom",0.00,"YEO","EGDY"
487,"Haverfordwest","Haverfordwest","US","51,833056","-4,961111","US","United Kingdom",0.00,"","EGFE"
488,"Cardiff","Cardiff","GB","51,396667","-3,343333","GB","United Kingdom",0.00,"CWL","EGFF"
489,"Swansea","Swansea","GB","51,605333","-4,067833","GB","United Kingdom",0.00,"SWS","EGFH"
490,"Bristol","Bristol","GB","51,382669","-2,719089","GB","United Kingdom",0.00,"BRS","EGGD"
491,"Liverpool","Liverpool","GB","53,333611","-2,849722","GB","United Kingdom",0.00,"LPL","EGGP"
492,"Luton","London","GB","51,874722","-0,368333","GB","United Kingdom",0.00,"LTN","EGGW"
493,"Plymouth","Plymouth","GB","50,422778","-4,105833","GB","United Kingdom",0.00,"PLH","EGHD"
494,"Bournemouth","Bournemouth","GB","50,78","-1,8425","GB","United Kingdom",0.00,"BOH","EGHH"
495,"Southampton","Southampton","GB","50,950261","-1,356803","GB","United Kingdom",0.00,"SOU","EGHI"
496,"Lasham","Lasham","GB","51,187167","-1,0335","GB","United Kingdom",0.00,"QLA","EGHL"
497,"Alderney","Alderney","GG","49,706111","-2,214722","GG","Guernsey",0.00,"ACI","EGJA"
498,"Guernsey","Guernsey","GG","49,434956","-2,601969","GG","Guernsey",0.00,"GCI","EGJB"
499,"Jersey","Jersey","JE","49,207947","-2,195508","JE","Jersey",0.00,"JER","EGJJ"
500,"Shoreham","Shoreham By Sea","GB","50,835556","-0,297222","GB","United Kingdom",0.00,"ESH","EGKA"
501,"Biggin Hill","Biggin Hill","GB","51,330833","0,0325","GB","United Kingdom",0.00,"BQH","EGKB"
502,"Gatwick","London","GB","51,148056","-0,190278","GB","United Kingdom",0.00,"LGW","EGKK"
503,"City","London","GB","51,505278","0,055278","GB","United Kingdom",0.00,"LCY","EGLC"
504,"Farnborough","Farnborough","GB","51,275833","-0,776333","GB","United Kingdom",0.00,"FAB","EGLF"
505,"Chalgrove","Chalsgrove","US","51,676111","-1,080833","US","United Kingdom",0.00,"","EGLJ"
506,"Blackbushe","Blackbushe","GB","51,323889","-0,8475","GB","United Kingdom",0.00,"BBS","EGLK"
507,"Heathrow","London","GB","51,4775","-0,461389","GB","United Kingdom",0.00,"LHR","EGLL"
508,"Southend","Southend","GB","51,571389","0,695556","GB","United Kingdom",0.00,"SEN","EGMC"
509,"Lydd","Lydd","GB","50,956111","0,939167","GB","United Kingdom",0.00,"LYX","EGMD"
510,"Manston","Manston","GB","51,342222","1,346111","GB","United Kingdom",0.00,"MSE","EGMH"
511,"Brough","Brough","US","53,719667","-0,566333","US","United Kingdom",0.00,"","EGNB"
512,"Carlisle","Carlisle","GB","54,9375","-2,809167","GB","United Kingdom",0.00,"CAX","EGNC"
513,"Gamston","Repton","US","53,280556","-0,951389","US","United Kingdom",0.00,"","EGNE"
514,"Blackpool","Blackpool","GB","53,771667","-3,028611","GB","United Kingdom",0.00,"BLK","EGNH"
515,"Humberside","Humberside","GB","53,574444","-0,350833","GB","United Kingdom",0.00,"HUY","EGNJ"
516,"Walney Island","Barrow Island","GB","54,131167","-3,263667","GB","United Kingdom",0.00,"BWF","EGNL"
517,"Leeds Bradford","Leeds","GB","53,865897","-1,660569","GB","United Kingdom",0.00,"LBA","EGNM"
518,"Warton","Warton","US","53,745097","-2,883061","US","United Kingdom",0.00,"","EGNO"
519,"Hawarden","Hawarden","GB","53,178056","-2,977778","GB","United Kingdom",0.00,"CEG","EGNR"
520,"Isle Of Man","Isle Of Man","IM","54,083333","-4,623889","IM","Isle of Man",0.00,"IOM","EGNS"
521,"Newcastle","Newcastle","GB","55,0375","-1,691667","GB","United Kingdom",0.00,"NCL","EGNT"
522,"Durham Tees Valley Airport","Teesside","GB","54,509189","-1,429406","GB","United Kingdom",0.00,"MME","EGNV"
523,"Nottingham East Midlands","East Midlands","GB","52,831111","-1,328056","GB","United Kingdom",0.00,"EMA","EGNX"
524,"Llanbedr","Llanbedr","US","52,811744","-4,123575","US","United Kingdom",0.00,"","EGOD"
525,"Ternhill","Ternhill","US","52,871164","-2,533561","US","United Kingdom",0.00,"","EGOE"
526,"Shawbury","Shawbury","US","52,798169","-2,668042","US","United Kingdom",0.00,"","EGOS"
528,"Woodvale","Woodvale","US","53,581575","-3,055522","US","United Kingdom",0.00,"","EGOW"
529,"Kirkwall","Kirkwall","GB","58,957778","-2,905","GB","United Kingdom",0.00,"KOI","EGPA"
530,"Sumburgh","Sumburgh","GB","59,878889","-1,295556","GB","United Kingdom",0.00,"LSI","EGPB"
531,"Wick","Wick","GB","58,458889","-3,093056","GB","United Kingdom",0.00,"WIC","EGPC"
532,"Dyce","Aberdeen","GB","57,201944","-2,197778","GB","United Kingdom",0.00,"ABZ","EGPD"
533,"Inverness","Inverness","GB","57,5425","-4,0475","GB","United Kingdom",0.00,"INV","EGPE"
534,"Glasgow","Glasgow","GB","55,871944","-4,433056","GB","United Kingdom",0.00,"GLA","EGPF"
535,"Edinburgh","Edinburgh","GB","55,95","-3,3725","GB","United Kingdom",0.00,"EDI","EGPH"
536,"Islay","Islay","GB","55,681944","-6,256667","GB","United Kingdom",0.00,"ILY","EGPI"
537,"Prestwick","Prestwick","GB","55,509444","-4,586667","GB","United Kingdom",0.00,"PIK","EGPK"
538,"Benbecula","Benbecula","GB","57,481111","-7,362778","GB","United Kingdom",0.00,"BEB","EGPL"
539,"Scatsta","Scatsta","NA","60,432778","-1,296111","NA","United Kingdom",0.00,"SDZ","EGPM"
540,"Dundee","Dundee","GB","56,452499","-3,025833","GB","United Kingdom",0.00,"DND","EGPN"
541,"Stornoway","Stornoway","GB","58,215556","-6,331111","GB","United Kingdom",0.00,"SYY","EGPO"
542,"Tiree","Tiree","GB","56,499167","-6,869167","GB","United Kingdom",0.00,"TRE","EGPU"
543,"Leuchars","Leuchars","GB","56,372889","-2,868444","GB","United Kingdom",0.00,"ADX","EGQL"
544,"Lossiemouth","Lossiemouth","GB","57,705214","-3,339169","GB","United Kingdom",0.00,"LMO","EGQS"
545,"Cambridge","Cambridge","GB","52,205","0,175","GB","United Kingdom",0.00,"CBG","EGSC"
546,"Conington","Peterborough","US","52,468056","-0,251111","US","United Kingdom",0.00,"","EGSF"
547,"Norwich","Norwich","GB","52,675833","1,282778","GB","United Kingdom",0.00,"NWI","EGSH"
548,"Stansted","London","GB","51,885","0,235","GB","United Kingdom",0.00,"STN","EGSS"
549,"North Weald","North Weald","US","51,721667","0,154167","US","United Kingdom",0.00,"","EGSX"
550,"Sheffield City","Fowlmere","US","53,394256","-1,388486","US","United Kingdom",0.00,"","EGSY"
551,"Cranfield","Cranfield","US","52,072222","-0,616667","US","United Kingdom",0.00,"","EGTC"
552,"Exeter","Exeter","GB","50,734444","-3,413889","GB","United Kingdom",0.00,"EXT","EGTE"
553,"Bristol Filton","Bristol","GB","51,519444","-2,590833","GB","United Kingdom",0.00,"FZO","EGTG"
554,"Kidlington","Oxford","GB","51,836944","-1,32","GB","United Kingdom",0.00,"OXF","EGTK"
555,"Benson","Benson","US","51,616389","-1,095833","US","United Kingdom",0.00,"","EGUB"
556,"Lakenheath","Lakenheath","US","52,409333","0,561","US","United Kingdom",0.00,"","EGUL"
557,"Mildenhall","Mildenhall","GB","52,361933","0,486406","GB","United Kingdom",0.00,"MHZ","EGUN"
558,"Wattisham","Wattisham","US","52,127283","0,956264","US","United Kingdom",0.00,"","EGUW"
559,"Wyton","Wyton","US","52,357167","-0,107833","US","United Kingdom",0.00,"","EGUY"
560,"Fairford","Fairford","GB","51,682167","-1,790028","GB","United Kingdom",0.00,"FFD","EGVA"
561,"Brize Norton","Brize Norton","GB","51,749964","-1,583617","GB","United Kingdom",0.00,"BZZ","EGVN"
562,"Odiham","Odiham","GB","51,234139","-0,942825","GB","United Kingdom",0.00,"ODH","EGVO"
563,"Cosford","Cosford","US","52,640028","-2,305578","US","United Kingdom",0.00,"","EGWC"
564,"Northolt","Northolt","GB","51,553","-0,418167","GB","United Kingdom",0.00,"NHT","EGWU"
565,"Coningsby","Coningsby","GB","53,093014","-0,166014","GB","United Kingdom",0.00,"QCY","EGXC"
566,"Dishforth","Dishforth","US","54,137186","-1,420253","US","United Kingdom",0.00,"","EGXD"
567,"Leeming","Leeming","US","54,292383","-1,5354","US","United Kingdom",0.00,"","EGXE"
568,"Church Fenton","Church Fenton","US","53,834333","-1,1955","US","United Kingdom",0.00,"","EGXG"
569,"Honington","Honington","GB","52,342611","0,772939","GB","United Kingdom",0.00,"BEQ","EGXH"
570,"Cottesmore","Cottesmore","US","52,735711","-0,648769","US","United Kingdom",0.00,"","EGXJ"
571,"Scampton","Scampton","US","53,307778","-0,550833","US","United Kingdom",0.00,"","EGXP"
572,"Wittering","Wittering","US","52,612558","-0,476453","US","United Kingdom",0.00,"","EGXT"
573,"Linton On Ouse","Linton-on-ouse","US","54,048911","-1,252747","US","United Kingdom",0.00,"","EGXU"
574,"Waddington","Waddington","GB","53,166167","-0,523811","GB","United Kingdom",0.00,"WTN","EGXW"
575,"Topcliffe","Topcliffe","US","54,205522","-1,382094","US","United Kingdom",0.00,"","EGXZ"
576,"Cranwell","Cranwell","US","53,03035","-0,483242","US","United Kingdom",0.00,"","EGYD"
577,"Barkston Heath","Barkston Heath","US","52,962225","-0,561625","US","United Kingdom",0.00,"","EGYE"
578,"Marham","Marham","NA","52,648353","0,550692","NA","United Kingdom",0.00,"KNF","EGYM"
579,"Mount Pleasant","Mount Pleasant","FK","-51,822777","-58,447222","FK","Falkland Islands",-4.00,"MPN","EGYP"
580,"Schiphol","Amsterdam","NL","52,308613","4,763889","NL","Netherlands",1.00,"AMS","EHAM"
581,"Budel","Weert","US","51,25528","5,601389","US","Netherlands",1.00,"","EHBD"
582,"Maastricht","Maastricht","NL","50,911658","5,770144","NL","Netherlands",1.00,"MST","EHBK"
583,"Deelen","Deelen","US","52,060556","5,873056","US","Netherlands",1.00,"","EHDL"
584,"Drachten","Drachten","US","53,119167","6,129722","US","Netherlands",1.00,"","EHDR"
585,"Eindhoven","Eindhoven","NL","51,450139","5,374528","NL","Netherlands",1.00,"EIN","EHEH"
586,"Eelde","Groningen","NL","53,11972","6,579444","NL","Netherlands",1.00,"GRQ","EHGG"
587,"Gilze Rijen","Gilze-rijen","US","51,567389","4,931833","US","Netherlands",1.00,"","EHGR"
588,"De Kooy","De Kooy","NL","52,923353","4,780625","NL","Netherlands",1.00,"DHR","EHKD"
589,"Lelystad","Lelystad","US","52,460278","5,527222","US","Netherlands",1.00,"","EHLE"
590,"Leeuwarden","Leeuwarden","NL","53,228611","5,760556","NL","Netherlands",1.00,"LWR","EHLW"
591,"Rotterdam","Rotterdam","NL","51,956944","4,437222","NL","Netherlands",1.00,"RTM","EHRD"
592,"Soesterberg","Soesterberg","NL","52,1273","5,27619","NL","Netherlands",1.00,"UTC","EHSB"
593,"Twenthe","Enschede","NL","52,27","6,874167","NL","Netherlands",1.00,"ENS","EHTW"
594,"Valkenburg","Valkenburg","NL","52,166139","4,417944","NL","Netherlands",1.00,"LID","EHVB"
595,"Woensdrecht","Woensdrecht","NA","51,449092","4,342031","NA","Netherlands",1.00,"WOE","EHWO"
596,"Cork","Cork","IE","51,841269","-8,491111","IE","Ireland",0.00,"ORK","EICK"
597,"Galway","Galway","IE","53,300175","-8,941592","IE","Ireland",0.00,"GWY","EICM"
599,"Dublin","Dublin","IE","53,421333","-6,270075","IE","Ireland",0.00,"DUB","EIDW"
600,"Connaught","Connaught","IE","53,910297","-8,818492","IE","Ireland",0.00,"NOC","EIKN"
601,"Kerry","Kerry","IE","52,180878","-9,523783","IE","Ireland",0.00,"KIR","EIKY"
602,"Casement","Casement","US","53,301667","-6,451333","US","Ireland",0.00,"","EIME"
603,"Shannon","Shannon","IE","52,701978","-8,924817","IE","Ireland",0.00,"SNN","EINN"
604,"Sligo","Sligo","IE","54,280214","-8,599206","IE","Ireland",0.00,"SXL","EISG"
605,"Waterford","Waterford","IE","52,1872","-7,086964","IE","Ireland",0.00,"WAT","EIWF"
607,"Aarhus","Aarhus","DK","56,300017","10,619008","DK","Denmark",1.00,"AAR","EKAH"
608,"Billund","Billund","DK","55,740322","9,151778","DK","Denmark",1.00,"BLL","EKBI"
609,"Kastrup","Copenhagen","DK","55,617917","12,655972","DK","Denmark",1.00,"CPH","EKCH"
610,"Esbjerg","Esbjerg","DK","55,525942","8,553403","DK","Denmark",1.00,"EBJ","EKEB"
611,"Gronholt Hillerod","Gronholt","US","55,941387","12,382222","US","Denmark",1.00,"","EKGH"
612,"Karup","Karup","DK","56,297458","9,124628","DK","Denmark",1.00,"KRP","EKKA"
613,"Laeso","Laeso","US","57,277228","11,000083","US","Denmark",1.00,"","EKLS"
614,"Lolland Falster Maribo","Maribo","US","54,699344","11,440117","US","Denmark",1.00,"","EKMB"
615,"Odense","Odense","DK","55,476664","10,330933","DK","Denmark",1.00,"ODE","EKOD"
616,"Krusa Padborg","Krusa-padborg","US","54,870306","9,279014","US","Denmark",1.00,"","EKPB"
617,"Roskilde","Copenhagen","DK","55,585567","12,131428","DK","Denmark",1.00,"RKE","EKRK"
618,"Bornholm Ronne","Ronne","DK","55,063267","14,759558","DK","Denmark",1.00,"RNN","EKRN"
619,"Sonderborg","Soenderborg","DK","54,964367","9,791731","DK","Denmark",1.00,"SGD","EKSB"
621,"Skrydstrup","Skrydstrup","DK","55,225553","9,263931","DK","Denmark",1.00,"SKS","EKSP"
622,"Skive","Skive","US","56,550208","9,172983","US","Denmark",1.00,"","EKSV"
623,"Thisted","Thisted","DK","57,0688","8,705225","DK","Denmark",1.00,"TED","EKTS"
624,"Kolding Vamdrup","Kolding","US","55,436283","9,330925","US","Denmark",1.00,"","EKVD"
625,"Vagar","Vagar","FO","62,063628","-7,277219","FO","Faroe Islands",0.00,"FAE","EKVG"
626,"Aars","Vesthimmerland","US","56,846944","9,458611","US","Denmark",1.00,"","EKVH"
627,"Stauning","Stauning","DK","55,990122","8,353906","DK","Denmark",1.00,"STA","EKVJ"
628,"Aalborg","Aalborg","DK","57,092789","9,849164","DK","Denmark",1.00,"AAL","EKYT"
629,"Luxembourg","Luxemburg","LU","49,626575","6,211517","LU","Luxembourg",1.00,"LUX","ELLX"
630,"Vigra","Alesund","NO","62,560372","6,110164","NO","Norway",1.00,"AES","ENAL"
631,"Andenes","Andoya","NO","69,2925","16,144167","NO","Norway",1.00,"ANX","ENAN"
632,"Alta","Alta","NO","69,976111","23,371667","NO","Norway",1.00,"ALF","ENAT"
633,"Bomoen","Voss","US","60,63885","6,501497","US","Norway",1.00,"","ENBM"
634,"Bronnoy","Bronnoysund","NO","65,461111","12,2175","NO","Norway",1.00,"BNN","ENBN"
635,"Bodo","Bodo","NO","67,269167","14,365278","NO","Norway",1.00,"BOO","ENBO"
636,"Flesland","Bergen","NO","60,293386","5,218142","NO","Norway",1.00,"BGO","ENBR"
637,"Batsfjord","Batsfjord","NO","70,600278","29,6925","NO","Norway",1.00,"BJF","ENBS"
638,"Kjevik","Kristiansand","NO","58,204214","8,085369","NO","Norway",1.00,"KRS","ENCN"
639,"Dagali","Geilo","US","60,416667","8,512778","US","Norway",1.00,"","ENDI"
640,"Bardufoss","Bardufoss","NO","69,055758","18,540356","NO","Norway",1.00,"BDU","ENDU"
641,"Evenes","Harstad/Narvik","NO","68,4913","16,678108","NO","Norway",1.00,"EVE","ENEV"
642,"Leirin","Fagernes","NO","61,015556","9,288056","NO","Norway",1.00,"VDB","ENFG"
643,"Floro","Floro","NO","61,583611","5,024722","NO","Norway",1.00,"FRO","ENFL"
644,"Gardermoen","Oslo","NO","60,193917","11,100361","NO","Norway",1.00,"OSL","ENGM"
645,"Karmoy","Haugesund","NO","59,345267","5,208364","NO","Norway",1.00,"HAU","ENHD"
646,"Hasvik","Hasvik","NO","70,486675","22,139744","NO","Norway",1.00,"HAA","ENHK"
647,"Kvernberget","Kristiansund","NO","63,111781","7,824522","NO","Norway",1.00,"KSU","ENKB"
648,"Kjeller","Kjeller","US","59,969336","11,036089","US","Norway",1.00,"","ENKJ"
649,"Hoybuktmoen","Kirkenes","NO","69,725781","29,891295","NO","Norway",1.00,"KKN","ENKR"
650,"Lista","Farsund","NO","58,099486","6,62605","NO","Norway",1.00,"FAN","ENLI"
651,"Aro","Molde","NO","62,744722","7,2625","NO","Norway",1.00,"MOL","ENML"
652,"Kjaerstad","Mosjoen","NO","65,783997","13,214914","NO","Norway",1.00,"MJF","ENMS"
653,"Banak","Lakselv","NO","70,068814","24,973489","NO","Norway",1.00,"LKL","ENNA"
654,"Notodden","Notodden","US","59,565683","9,212222","US","Norway",1.00,"","ENNO"
655,"Orland","Orland","NO","63,698908","9,604003","NO","Norway",1.00,"OLA","ENOL"
656,"Roros","Roros","NO","62,578411","11,342347","NO","Norway",1.00,"RRS","ENRO"
657,"Moss","Rygge","NO","59,378933","10,785389","NO","Norway",1.00,"RYG","ENRY"
658,"Longyear","Svalbard","NO","78,246111","15,465556","NO","Norway",1.00,"LYR","ENSB"
659,"Geiteryggen","Skien","NO","59,185","9,566944","NO","Norway",1.00,"SKE","ENSN"
660,"Sorstokken","Stord","NO","59,791925","5,34085","NO","Norway",1.00,"SRP","ENSO"
662,"Stokka","Sandnessjoen","NO","65,956828","12,468944","NO","Norway",1.00,"SSJ","ENST"
663,"Langnes","Tromso","NO","69,683333","18,918919","NO","Norway",1.00,"TOS","ENTC"
664,"Torp","Sandefjord","NO","59,186703","10,258628","NO","Norway",1.00,"TRF","ENTO"
665,"Vaernes","Trondheim","NO","63,457556","10,92425","NO","Norway",1.00,"TRD","ENVA"
666,"Sola","Stavanger","NO","58,876778","5,637856","NO","Norway",1.00,"SVG","ENZV"
667,"Babice","Warsaw","US","52,268494","20,911047","US","Poland",1.00,"","EPBC"
668,"Lech Walesa","Gdansk","PL","54,377569","18,466222","PL","Poland",1.00,"GDN","EPGD"
669,"Balice","Krakow","PL","50,077731","19,784836","PL","Poland",1.00,"KRK","EPKK"
670,"Muchowiec","Katowice","US","50,238147","19,034181","US","Poland",1.00,"","EPKM"
671,"Pyrzowice","Katowice","PL","50,474253","19,080019","PL","Poland",1.00,"KTW","EPKT"
673,"Mielec","Mielec","US","50,322275","21,462131","US","Poland",1.00,"","EPML"
674,"Lawica","Poznan","PL","52,421031","16,826325","PL","Poland",1.00,"POZ","EPPO"
675,"Jasionka","Rzeszow","PL","50,109958","22,019","PL","Poland",1.00,"RZE","EPRZ"
676,"Goleniow","Szczechin","PL","53,584731","14,902206","PL","Poland",1.00,"SZZ","EPSC"
677,"Redzikowo","Slupsk","PL","54,478889","17,1075","PL","Poland",1.00,"OSP","EPSK"
678,"Swidwin","Shapaja","US","53,790639","15,82625","US","Poland",1.00,"","EPSN"
679,"Okecie","Warsaw","PL","52,16575","20,967122","PL","Poland",1.00,"WAW","EPWA"
680,"Strachowice","Wroclaw","PL","51,102683","16,885836","PL","Poland",1.00,"WRO","EPWR"
681,"Babimost","Zielona Gora","PL","52,138517","15,798556","PL","Poland",1.00,"IEG","EPZG"
682,"Malmen","Linkoeping","US","58,402278","15,525683","US","Sweden",1.00,"","ESCF"
683,"Bravalla","Norrkoeping","US","58,610867","16,103592","US","Sweden",1.00,"","ESCK"
684,"Uppsala","Uppsala","US","59,897328","17,588581","US","Sweden",1.00,"","ESCM"
685,"Ronneby","Ronneby","SE","56,266667","15,265","SE","Sweden",1.00,"RNB","ESDF"
686,"Rada","Rada","US","58,498136","13,053231","US","Sweden",1.00,"","ESFR"
687,"Landvetter","Gothenborg","SE","57,662836","12,279819","SE","Sweden",1.00,"GOT","ESGG"
688,"Jonkoping","Joenkoeping","SE","57,757594","14,068731","SE","Sweden",1.00,"JKG","ESGJ"
689,"Falkoping","Falkoping","US","58,169794","13,587847","US","Sweden",1.00,"","ESGK"
690,"Lidkoping","Lidkoping","SE","58,465522","13,174414","SE","Sweden",1.00,"LDK","ESGL"
691,"Save","Gothenborg","SE","57,774722","11,870372","SE","Sweden",1.00,"GSE","ESGP"
692,"Skovde","Skovde","SE","58,4564","13,972672","SE","Sweden",1.00,"KVB","ESGR"
693,"Trollhattan Vanersborg","Trollhattan","SE","58,318056","12,345","SE","Sweden",1.00,"THN","ESGT"
694,"Karlsborg","Karlsborg","US","58,513842","14,507119","US","Sweden",1.00,"","ESIA"
695,"Satenas","Satenas","US","58,426445","12,714389","US","Sweden",1.00,"","ESIB"
696,"Barkarby","Stockholm","US","59,418694","17,890694","US","Sweden",1.00,"","ESKB"
697,"Karlskoga","Karlskoga","SE","59,345867","14,495922","SE","Sweden",1.00,"KSK","ESKK"
698,"Mora","Mora","SE","60,957908","14,511383","SE","Sweden",1.00,"MXX","ESKM"
699,"Skavsta","Stockholm","SE","58,788636","16,912189","SE","Sweden",1.00,"NYO","ESKN"
700,"Arvika","Arvika","US","59,675856","12,639442","US","Sweden",1.00,"","ESKV"
701,"Emmaboda","Emmaboda","US","56,610761","15,604761","US","Sweden",1.00,"","ESMA"
702,"Feringe","Ljungby","US","56,950278","13,921667","US","Sweden",1.00,"","ESMG"
703,"Kristianstad","Kristianstad","SE","55,921686","14,085536","SE","Sweden",1.00,"KID","ESMK"
704,"Landskrona","Landskrona","NA","55,944444","12,869444","NA","Sweden",1.00,"JLD","ESML"
705,"Oskarshamn","Oskarshamn","SE","57,350453","16,497972","SE","Sweden",1.00,"OSK","ESMO"
706,"Anderstorp","Anderstorp","US","57,264167","13,599439","US","Sweden",1.00,"","ESMP"
707,"Kalmar","Kalkmar","SE","56,685531","16,287578","SE","Sweden",1.00,"KLR","ESMQ"
708,"Sturup","Malmoe","SE","55,530193","13,371639","SE","Sweden",1.00,"MMX","ESMS"
709,"Halmstad","Halmstad","SE","56,691128","12,820211","SE","Sweden",1.00,"HAD","ESMT"
710,"Hagshult","Hagshult","US","57,292222","14,137222","US","Sweden",1.00,"","ESMV"
711,"Kronoberg","Vaxjo","SE","56,929144","14,727994","SE","Sweden",1.00,"VXO","ESMX"
712,"Hallviken","Hallviken","US","63,738333","15,458333","US","Sweden",1.00,"","ESNA"
713,"Hedlanda","Hede","US","62,408889","13,747222","US","Sweden",1.00,"","ESNC"
714,"Sveg","Sveg","SE","62,047811","14,42295","SE","Sweden",1.00,"EVG","ESND"
715,"Gallivare","Gallivare","SE","67,132408","20,814636","SE","Sweden",1.00,"GEV","ESNG"
716,"Hudiksvall","Hudiksvall","SE","61,768092","17,080719","SE","Sweden",1.00,"HUV","ESNH"
717,"Jokkmokk","Jokkmokk","US","66,496236","20,147181","US","Sweden",1.00,"","ESNJ"
718,"Kramfors Solleftea","Kramfors","SE","63,048597","17,768856","SE","Sweden",1.00,"KRF","ESNK"
719,"Lycksele","Lycksele","SE","64,548322","18,716219","SE","Sweden",1.00,"LYC","ESNL"
720,"Optand","Optand","US","63,128611","14,802778","US","Sweden",1.00,"","ESNM"
721,"Sundsvall Harnosand","Sundsvall","SE","62,528125","17,443928","SE","Sweden",1.00,"SDL","ESNN"
722,"Ornskoldsvik","Ornskoldsvik","SE","63,408339","18,990039","SE","Sweden",1.00,"OER","ESNO"
723,"Pitea","Pitea","US","65,398333","21,260833","US","Sweden",1.00,"","ESNP"
724,"Kiruna","Kiruna","SE","67,821986","20,336764","SE","Sweden",1.00,"KRN","ESNQ"
725,"Orsa","Orsa","US","61,190033","14,712567","US","Sweden",1.00,"","ESNR"
726,"Skelleftea","Skelleftea","SE","64,624772","21,076892","SE","Sweden",1.00,"SFT","ESNS"
727,"Sattna","Sattna","US","62,481369","17,002917","US","Sweden",1.00,"","ESNT"
728,"Umea","Umea","SE","63,791828","20,282758","SE","Sweden",1.00,"UME","ESNU"
729,"Vilhelmina","Vilhelmina","SE","64,579083","16,833575","SE","Sweden",1.00,"VHM","ESNV"
730,"Arvidsjaur","Arvidsjaur","SE","65,590278","19,281944","SE","Sweden",1.00,"AJR","ESNX"
731,"Orebro","Orebro","SE","59,223733","15,037956","SE","Sweden",1.00,"ORB","ESOE"
733,"Vasteras","Vasteras","SE","59,589444","16,633611","SE","Sweden",1.00,"VST","ESOW"
734,"Kallax","Lulea","SE","65,543758","22,121989","SE","Sweden",1.00,"LLA","ESPA"
735,"Vidsel","Vidsel","US","65,875325","20,149917","US","Sweden",1.00,"","ESPE"
736,"Arboga","Arboga","US","59,386585","15,924055","US","Sweden",1.00,"","ESQO"
737,"Arlanda","Stockholm","SE","59,651944","17,918611","SE","Sweden",1.00,"ARN","ESSA"
738,"Bromma","Stockholm","SE","59,354372","17,94165","SE","Sweden",1.00,"BMA","ESSB"
739,"Borlange","Borlange","SE","60,422017","15,515211","SE","Sweden",1.00,"BLE","ESSD"
740,"Hultsfred","Hultsfred","SE","57,525833","15,823333","SE","Sweden",1.00,"HLF","ESSF"
741,"Gavle","Gavle","SE","60,593333","16,951389","SE","Sweden",1.00,"GVX","ESSK"
742,"Saab","Linkoeping","SE","58,40615","15,680508","SE","Sweden",1.00,"LPI","ESSL"
743,"Kungsangen","Norrkoeping","SE","58,586253","16,250622","SE","Sweden",1.00,"NRK","ESSP"
745,"Eskilstuna","Eskilstuna","US","59,351078","16,7084","US","Sweden",1.00,"","ESSU"
746,"Visby","Visby","SE","57,662797","18,346211","SE","Sweden",1.00,"VBY","ESSV"
748,"Kalixfors","Kalixfors","US","67,764789","20,257228","US","Sweden",1.00,"","ESUK"
750,"Spangdahlem Ab","Spangdahlem","DE","49,972667","6,6925","DE","Germany",1.00,"SPM","ETAD"
751,"Ramstein Ab","Ramstein","DE","49,436911","7,600283","DE","Germany",1.00,"RMS","ETAR"
752,"Bamberg Aaf","Bamberg","US","49,920433","10,914233","US","Germany",1.00,"","ETEJ"
753,"Giebelstadt Aaf","Giebelstadt","NA","49,648131","9,966494","NA","Germany",1.00,"GHF","ETEU"
754,"Buckeburg","Brueckeburg","US","52,2785","9,082167","US","Germany",1.00,"","ETHB"
755,"Celle","Celle","DE","52,5912","10,022133","DE","Germany",1.00,"ZCN","ETHC"
756,"Rheine Bentlage","Rheine-brentlange","US","52,291167","7,387","US","Germany",1.00,"","ETHE"
757,"Fritzlar","Fritzlar","US","51,1145","9,285833","US","Germany",1.00,"","ETHF"
758,"Laupheim","Laupheim","US","48,220297","9,910019","US","Germany",1.00,"","ETHL"
759,"Mendig","Mendig","US","50,366","7,315333","US","Germany",1.00,"","ETHM"
760,"Niederstetten","Niederstetten","US","49,391833","9,958167","US","Germany",1.00,"","ETHN"
761,"Roth","Roth","US","49,2175","11,100167","US","Germany",1.00,"","ETHR"
762,"Fassberg","Fassberg","US","52,919406","10,197528","US","Germany",1.00,"","ETHS"
763,"Grafenwohr Aaf","Grafenwoehr","US","49,698686","11,940175","US","Germany",1.00,"","ETIC"
764,"Hanau Aaf","Hanau","DE","50,169189","8,961586","DE","Germany",1.00,"ZNF","ETID"
765,"Hohenfels Aaf","Hohenfels","US","49,218056","11,836111","US","Germany",1.00,"","ETIH"
766,"Kitzingen Aaf","Kitzingen","US","49,743057","10,200556","US","Germany",1.00,"","ETIN"
767,"Nordholz","Nordholz","US","53,767667","8,6585","US","Germany",1.00,"","ETMN"
768,"Diepholz","Diepholz","US","52,585514","8,341014","US","Germany",1.00,"","ETND"
769,"Geilenkirchen","Geilenkirchen","DE","50,960817","6,042422","DE","Germany",1.00,"GKE","ETNG"
770,"Hohn","Hohn","US","54,312167","9,538167","US","Germany",1.00,"","ETNH"
771,"Jever","Jever","US","53,5335","7,888667","US","Germany",1.00,"","ETNJ"
772,"Laage","Laage","DE","53,918167","12,278333","DE","Germany",1.00,"RLG","ETNL"
773,"Norvenich","Noervenich","US","50,831167","6,658167","US","Germany",1.00,"","ETNN"
774,"Schleswig","Schleswig","US","54,459333","9,516333","US","Germany",1.00,"","ETNS"
775,"Wittmundhafen","Wittmundhafen","US","53,547833","7,667333","US","Germany",1.00,"","ETNT"
776,"Neubrandenburg","Neubrandenburg","US","53,602167","13,306","US","Germany",1.00,"","ETNU"
777,"Wunstorf","Wunstorf","US","52,457333","9,427167","US","Germany",1.00,"","ETNW"
778,"Vilseck Aaf","Vilseck","US","49,63361","11,767222","US","Germany",1.00,"","ETOI"
779,"Coleman Aaf","Coleman","US","49,563569","8,463392","US","Germany",1.00,"","ETOR"
780,"Wiesbaden Aaf","Wiesbaden","US","50,049819","8,325397","US","Germany",1.00,"","ETOU"
781,"Landsberg Lech","Landsberg","US","48,0705","10,906","US","Germany",1.00,"","ETSA"
782,"Buchel","Buechel","US","50,173833","7,063333","US","Germany",1.00,"","ETSB"
783,"Erding","Erding","US","48,322333","11,948667","US","Germany",1.00,"","ETSE"
784,"Furstenfeldbruck","Fuerstenfeldbruck","DE","48,205667","11,267","DE","Germany",1.00,"FEL","ETSF"
785,"Holzdorf","Holzdorf","US","51,767833","13,167667","US","Germany",1.00,"","ETSH"
786,"Ingolstadt Manching","Ingolstadt","US","48,715667","11,534","US","Germany",1.00,"","ETSI"
787,"Lechfeld","Lechfeld","US","48,1855","10,861167","US","Germany",1.00,"","ETSL"
788,"Neuburg","Neuburg","US","48,711","11,2115","US","Germany",1.00,"","ETSN"
789,"Gutersloh","Guetersloh","DE","51,922833","8,306333","DE","Germany",1.00,"GUT","ETUO"
790,"Alexander Bay","Alexander Bay","ZA","-28,575001","16,533333","ZA","South Africa",2.00,"ALJ","FAAB"
791,"Aggeneys","Aggeneys","ZA","-29,281767","18,813869","ZA","South Africa",2.00,"AGZ","FAAG"
792,"Brakpan","Brakpan","US","-26,23865","28,301769","US","South Africa",2.00,"","FABB"
793,"Bhisho","Bisho","NA","-32,89715","27,279111","NA","South Africa",2.00,"VIY","FABE"
794,"Bloemfontein Intl","Bloemfontein","ZA","-29,092722","26,302444","ZA","South Africa",2.00,"BFN","FABL"
795,"Bethlehem","Bethlehem","US","-28,248392","28,336125","US","South Africa",2.00,"","FABM"
796,"Bothaville","Bothaville","US","-27,366769","26,629194","US","South Africa",2.00,"","FABO"
797,"Cape Town Intl","Cape Town","ZA","-33,964806","18,601667","ZA","South Africa",2.00,"CPT","FACT"
798,"Calvinia","Calvinia","US","-31,500278","19,725897","US","South Africa",2.00,"","FACV"
799,"Durban Intl","Durban","ZA","-29,970089","30,950519","ZA","South Africa",2.00,"DUR","FADN"
800,"East London","East London","ZA","-33,035569","27,825939","ZA","South Africa",2.00,"ELS","FAEL"
801,"Ermelo","Ermelo","US","-26,495644","29,979764","US","South Africa",2.00,"","FAEO"
802,"Ficksburg Sentraoes","Ficksburg","US","-28,823119","27,9089","US","South Africa",2.00,"","FAFB"
803,"Grand Central","Johannesburg","ZA","-25,986267","28,140061","ZA","South Africa",2.00,"GCJ","FAGC"
804,"George","George","ZA","-34,005553","22,378889","ZA","South Africa",2.00,"GRJ","FAGG"
806,"Graaff Reinet","Graaff Reinet","US","-32,193611","24,541389","US","South Africa",2.00,"","FAGR"
807,"Grahamstown","Grahamstown","US","-33,284721","26,498083","US","South Africa",2.00,"","FAGT"
808,"Greytown","Greytown","US","-29,122011","30,586706","US","South Africa",2.00,"","FAGY"
809,"Harmony","Harmony","US","-28,078694","26,861178","US","South Africa",2.00,"","FAHA"
810,"Harrismith","Harrismith","US","-28,235072","29,106206","US","South Africa",2.00,"","FAHR"
811,"Hoedspruit Afb","Hoedspruit","ZA","-24,368642","31,048744","ZA","South Africa",2.00,"HDS","FAHS"
812,"Gariep Dam","Hendrik Verwoerddam","US","-30,562164","25,528286","US","South Africa",2.00,"","FAHV"
813,"Johannesburg Intl","Johannesburg","ZA","-26,139166","28,246","ZA","South Africa",2.00,"JNB","FAJS"
814,"P C Pelser","Klerksdorp","US","-26,871064","26,718003","US","South Africa",2.00,"","FAKD"
815,"Kimberley","Kimberley","ZA","-28,802834","24,765167","ZA","South Africa",2.00,"KIM","FAKM"
816,"Krugersdorp","Krugersdorp","US","-26,080978","27,725667","US","South Africa",2.00,"","FAKR"
817,"Kroonstad","Kroonstad","US","-27,660617","27,315761","US","South Africa",2.00,"","FAKS"
818,"Johan Pienaar","Kuruman","US","-27,456667","23,411388","US","South Africa",2.00,"","FAKU"
819,"Kleinsee","Kleinsee","ZA","-29,688403","17,094006","ZA","South Africa",2.00,"KLZ","FAKZ"
820,"Lanseria","Johannesburg","ZA","-25,938514","27,926133","ZA","South Africa",2.00,"HLA","FALA"
821,"Lichtenburg","Lichtenburg","US","-26,175672","26,184575","US","South Africa",2.00,"","FALI"
822,"Makhado Afb","Lambertsbaai","US","-23,159911","29,696544","US","South Africa",2.00,"","FALM"
823,"Langebaanweg","Langebaanweg","US","-32,968889","18,160278","US","South Africa",2.00,"","FALW"
824,"Ladysmith","Ladysmith","ZA","-28,581667","29,749722","ZA","South Africa",2.00,"LAY","FALY"
825,"Middelburg","Middelburg","US","-25,684775","29,440158","US","South Africa",2.00,"","FAMB"
827,"Margate","Margate","ZA","-30,857408","30,343019","ZA","South Africa",2.00,"MGH","FAMG"
828,"Marble Hall","Marble Hall","US","-24,989114","29,283122","US","South Africa",2.00,"","FAMI"
829,"Majuba Power Station","Majuba Power Station","US","-27,079253","29,778528","US","South Africa",2.00,"","FAMJ"
831,"Malelane","Malalane","US","-25,473603","31,565828","US","South Africa",2.00,"","FAMN"
832,"Morningside Farm","Messina","ZA","-25,704458","26,908978","ZA","South Africa",2.00,"MEZ","FAMS"
833,"Mkuzi","Mkuze","US","-27,626086","32,044275","US","South Africa",2.00,"","FAMU"
834,"Newcastle","Newcastle","ZA","-27,770586","29,976894","ZA","South Africa",2.00,"NCS","FANC"
835,"Nylstroom","Nylstroom","US","-24,686056","28,434944","US","South Africa",2.00,"","FANY"
836,"Overberg","Overberg","US","-34,554861","20,250681","US","South Africa",2.00,"","FAOB"
837,"Oudtshoorn","Oudtshoorn","NA","-33,606967","22,188978","NA","South Africa",2.00,"DUH","FAOH"
838,"Port Elizabeth Intl","Port Elizabeth","ZA","-33,984919","25,617275","ZA","South Africa",2.00,"PLZ","FAPE"
839,"Plettenberg Bay","Plettenberg Bay","US","-34,090279","23,327778","US","South Africa",2.00,"","FAPG"
840,"Phalaborwa","Phalaborwa","ZA","-23,937166","31,15539","ZA","South Africa",2.00,"PHW","FAPH"
841,"Pietersburg","Pietersburg","ZA","-23,926089","29,484422","ZA","South Africa",2.00,"PTG","FAPI"
842,"Port St Johns","Port Saint Johns","US","-31,605886","29,519786","US","South Africa",2.00,"","FAPJ"
843,"Pietermaritzburg","Pietermaritzburg","ZA","-29,648975","30,398667","ZA","South Africa",2.00,"PZB","FAPM"
844,"Pilanesberg Intl","Pilanesberg","ZA","-25,333822","27,173358","ZA","South Africa",2.00,"NTY","FAPN"
845,"Polokwane Intl","Potgietersrus","US","-23,845306","29,458611","US","South Africa",2.00,"","FAPP"
846,"Potchefstroom","Potchefstroom","US","-26,670994","27,0819","US","South Africa",2.00,"","FAPS"
847,"Parys","Parys","US","-26,889344","27,503417","US","South Africa",2.00,"","FAPY"
848,"Queenstown","Queenstown","ZA","-31,920197","26,882206","ZA","South Africa",2.00,"UTW","FAQT"
849,"Richards Bay","Richard's Bay","ZA","-28,741039","32,092111","ZA","South Africa",2.00,"RCB","FARB"
850,"Rustenburg","Rustenburg","US","-25,6443","27,271119","US","South Africa",2.00,"","FARG"
851,"Robertson","Robertson","US","-33,812181","19,902828","US","South Africa",2.00,"","FARS"
852,"Springbok","Springbok","ZA","-29,689333","17,939611","ZA","South Africa",2.00,"SBU","FASB"
853,"Secunda","Secunda","US","-26,524083","29,170144","US","South Africa",2.00,"","FASC"
854,"Saldanha Vredenburg","Saldanha","US","-32,964067","17,969331","US","South Africa",2.00,"","FASD"
855,"Springs","Springs","US","-26,248411","28,397508","US","South Africa",2.00,"","FASI"
856,"Swartkop","Swartkop","US","-25,809717","28,164631","US","South Africa",2.00,"","FASK"
857,"Sishen","Sishen","ZA","-27,648606","22,999278","ZA","South Africa",2.00,"SIS","FASS"
858,"Hendrik Swellengrebel","Swellendam","US","-34,048222","20,474611","US","South Africa",2.00,"","FASX"
859,"Skukuza","Skukuza","ZA","-24,960944","31,588731","ZA","South Africa",2.00,"SZK","FASZ"
860,"Tommys Fld","Tommy's Field","US","-28,260028","22,993178","US","South Africa",2.00,"","FATF"
861,"New Tempe","Bloemfontein","US","-29,032928","26,157564","US","South Africa",2.00,"","FATP"
862,"Tutuka Power Station","Tutuka","US","-26,776556","29,338778","US","South Africa",2.00,"","FATT"
863,"Tzaneen","Tzaneen","ZA","-23,824417","30,329306","ZA","South Africa",2.00,"LTA","FATZ"
864,"Prince Mangosuthu Buthelezi","Ulundi","ZA","-28,320586","31,416519","ZA","South Africa",2.00,"ULD","FAUL"
865,"Upington","Upington","ZA","-28,399097","21,260239","ZA","South Africa",2.00,"UTN","FAUP"
866,"Mthatha","Umtata","ZA","-31,547903","28,674289","ZA","South Africa",2.00,"UTT","FAUT"
867,"Vryburg","Vryburg","ZA","-26,982408","24,728756","ZA","South Africa",2.00,"VRU","FAVB"
868,"Virginia","Durban","ZA","-29,770606","31,058406","ZA","South Africa",2.00,"VIR","FAVG"
869,"Vredendal","Vredendal","US","-31,640961","18,544789","US","South Africa",2.00,"","FAVR"
870,"Vereeniging","Vereeniging","US","-26,566372","27,960756","US","South Africa",2.00,"","FAVV"
871,"Wonderboom","Pretoria","ZA","-25,653858","28,224231","ZA","South Africa",2.00,"PRY","FAWB"
872,"Witbank","Witbank","US","-25,832294","29,192019","US","South Africa",2.00,"","FAWI"
873,"Waterkloof Afb","Waterkloof","US","-25,83","28,2225","US","South Africa",2.00,"","FAWK"
874,"Welkom","Welkom","ZA","-27,998","26,669586","ZA","South Africa",2.00,"WEL","FAWM"
875,"Ysterplaat","Ysterplaat","US","-33,900244","18,498297","US","South Africa",2.00,"","FAYP"
876,"Zeerust","Zeerust","US","-25,598972","26,042333","US","South Africa",2.00,"","FAZR"
877,"Francistown","Francistown","BW","-21,159597","27,474525","BW","Botswana",2.00,"FRW","FBFT"
878,"Jwaneng","Jwaneng","BW","-24,602333","24,690971","BW","Botswana",2.00,"JWA","FBJW"
879,"Kasane","Kasane","BW","-17,832875","25,1624","BW","Botswana",2.00,"BBK","FBKE"
880,"Maun","Maun","BW","-19,972564","23,431086","BW","Botswana",2.00,"MUB","FBMN"
881,"Sir Seretse Khama Intl","Gaberone","BW","-24,555225","25,918208","BW","Botswana",2.00,"GBE","FBSK"
882,"Selebi Phikwe","Selebi-phikwe","BW","-22,05835","27,828767","BW","Botswana",2.00,"PKW","FBSP"
883,"Maya Maya","Brazzaville","CG","-4,2517","15,253031","CG","Congo (Kinshasa)",1.00,"BZV","FCBB"
884,"Owando","Owando","CG","-0,53135","15,950094","CG","Congo (Kinshasa)",1.00,"FTX","FCOO"
885,"Ouesso","Ouesso","CG","1,615994","16,037917","CG","Congo (Kinshasa)",1.00,"OUE","FCOU"
886,"Pointe Noire","Pointe-noire","CG","-4,816028","11,886597","CG","Congo (Brazzaville)",1.00,"PNR","FCPP"
887,"Matsapha","Manzini","SZ","-26,529022","31,307519","SZ","Swaziland",2.00,"MTS","FDMS"
888,"Bangui M Poko","Bangui","CF","4,398475","18,518786","CF","Central African Republic",1.00,"BGF","FEFF"
889,"Berberati","Berberati","CF","4,221583","15,786369","CF","Central African Republic",1.00,"BBT","FEFT"
890,"Bata","Bata","GQ","1,905469","9,805681","GQ","Equatorial Guinea",1.00,"BSG","FGBT"
891,"Malabo","Malabo","GQ","3,755267","8,708717","GQ","Equatorial Guinea",1.00,"SSG","FGSL"
892,"Ascension Aux Af","Wide Awake","US","-7,969597","-14,393664","US","Saint Helena",0.00,"","FHAW"
893,"Sir Seewoosagur Ramgoolam Intl","Plaisance","MU","-20,430235","57,6836","MU","Mauritius",5.00,"MRU","FIMP"
894,"Plaine Corail","Rodriguez Island","MU","-19,757658","63,360983","MU","Mauritius",4.00,"RRG","FIMR"
895,"Diego Garcia Nsf","Diego Garcia Island","US","-7,313267","72,411089","US","British Indian Ocean Territory",6.00,"","FJDG"
896,"Tiko","Tiko","CM","4,089192","9,360528","CM","Cameroon",1.00,"TKC","FKKC"
897,"Douala","Douala","CM","4,006081","9,719481","CM","Cameroon",1.00,"DLA","FKKD"
898,"Salak","Maroua","CM","10,451392","14,257361","CM","Cameroon",1.00,"MVR","FKKL"
899,"Foumban Nkounja","Foumban","CM","5,636919","10,750817","CM","Cameroon",1.00,"FOM","FKKM"
900,"Ngaoundere","N'gaoundere","CM","7,357011","13,559242","CM","Cameroon",1.00,"NGE","FKKN"
901,"Garoua","Garoua","CM","9,335892","13,370103","CM","Cameroon",1.00,"GOU","FKKR"
902,"Bafoussam","Bafoussam","CM","5,536919","10,354583","CM","Cameroon",1.00,"BFX","FKKU"
903,"Bamenda","Bamenda","CM","6,039239","10,122639","CM","Cameroon",1.00,"BPC","FKKV"
904,"Yaounde Ville","Yaounde","CM","3,836039","11,523461","CM","Cameroon",1.00,"YAO","FKKY"
905,"Kasompe","Kasompe","US","-12,572778","27,89395","US","Zambia",2.00,"","FLKE"
906,"Livingstone","Livingstone","ZM","-17,821756","25,822692","ZM","Zambia",2.00,"LVI","FLLI"
907,"Lusaka Intl","Lusaka","ZM","-15,330817","28,452628","ZM","Zambia",2.00,"LUN","FLLS"
908,"Mfuwe","Mfuwe","ZM","-13,258878","31,936581","ZM","Zambia",2.00,"MFU","FLMF"
909,"Mongu","Mongu","US","-15,254542","23,162306","US","Zambia",2.00,"","FLMG"
910,"Ndola","Ndola","ZM","-12,998139","28,664944","ZM","Zambia",2.00,"NLA","FLND"
911,"Southdowns","Southdowns","ZM","-12,900469","28,149858","ZM","Zambia",2.00,"KIW","FLSO"
912,"Prince Said Ibrahim","Moroni","KM","-11,533661","43,27185","KM","Comoros",3.00,"HAH","FMCH"
913,"Bandaressalam","Moheli","KM","-12,298108","43,7664","KM","Comoros",3.00,"NWA","FMCI"
914,"Ouani","Anjouan","KM","-12,131667","44,430279","KM","Comoros",3.00,"AJN","FMCV"
915,"Dzaoudzi Pamandzi","Dzaoudzi","YT","-12,804722","45,281113","YT","Mayotte",3.00,"DZA","FMCZ"
916,"St Denis Gillot","St.-denis","RE","-20,8871","55,510308","RE","Reunion",5.00,"RUN","FMEE"
917,"St Pierre Pierrefonds","St.-pierre","RE","-21,320039","55,423581","RE","Reunion",5.00,"ZSE","FMEP"
918,"Ivato","Antananarivo","MG","-18,79695","47,478806","MG","Madagascar",3.00,"TNR","FMMI"
919,"Miandrivazo","Miandrivazo","MG","-19,562778","45,450832","MG","Madagascar",3.00,"ZVA","FMMN"
920,"Sainte Marie","Sainte Marie","MG","-17,093889","49,815834","MG","Madagascar",3.00,"SMS","FMMS"
921,"Toamasina","Toamasina","MG","-18,109517","49,392536","MG","Madagascar",3.00,"TMM","FMMT"
922,"Morondava","Morondava","MG","-20,28475","44,317614","MG","Madagascar",3.00,"MOQ","FMMV"
923,"Arrachart","Antsiranana","MG","-12,3494","49,291747","MG","Madagascar",3.00,"DIE","FMNA"
924,"Avaratra","Mananara","MG","-16,1639","49,773753","MG","Madagascar",3.00,"WMR","FMNC"
925,"Andapa","Andapa","MG","-14,651667","49,620556","MG","Madagascar",3.00,"ZWA","FMND"
926,"Ambilobe","Ambilobe","MG","-13,188431","48,987978","MG","Madagascar",3.00,"AMB","FMNE"
927,"Antsirabato","Antalaha","MG","-14,999411","50,320233","MG","Madagascar",3.00,"ANM","FMNH"
928,"Analalava","Analalava","MG","-14,629694","47,763783","MG","Madagascar",3.00,"HVA","FMNL"
929,"Philibert Tsiranana","Mahajanga","MG","-15,667144","46,351828","MG","Madagascar",3.00,"MJN","FMNM"
930,"Fascene","Nosy-be","MG","-13,312067","48,314822","MG","Madagascar",3.00,"NOS","FMNN"
931,"Besalampy","Besalampy","MG","-16,741945","44,481388","MG","Madagascar",3.00,"BPY","FMNQ"
932,"Maroantsetra","Maroantsetra","MG","-15,436666","49,688332","MG","Madagascar",3.00,"WMN","FMNR"
933,"Sambava","Sambava","MG","-14,278611","50,174721","MG","Madagascar",3.00,"SVB","FMNS"
934,"Vohimarina","Vohemar","MG","-13,375834","50,002777","MG","Madagascar",3.00,"VOH","FMNV"
935,"Ambalabe","Antsohihy","MG","-14,89875","47,993894","MG","Madagascar",3.00,"WAI","FMNW"
936,"Ampampamena","Ampampamena","US","-13,484814","48,632739","US","Madagascar",3.00,"","FMNZ"
937,"Tolagnaro","Tolagnaro","MG","-25,038056","46,956111","MG","Madagascar",3.00,"FTU","FMSD"
938,"Fianarantsoa","Fianarantsoa","MG","-21,441558","47,111736","MG","Madagascar",3.00,"WFI","FMSF"
939,"Farafangana","Farafangana","MG","-22,805286","47,820614","MG","Madagascar",3.00,"RVA","FMSG"
940,"Manakara","Manakara","MG","-22,119722","48,021667","MG","Madagascar",3.00,"WVK","FMSK"
941,"Mananjary","Mananjary","MG","-21,201772","48,358317","MG","Madagascar",3.00,"MNJ","FMSM"
942,"Morombe","Morombe","MG","-21,753867","43,375533","MG","Madagascar",3.00,"MXM","FMSR"
943,"Toliara","Toliara","MG","-23,383369","43,728453","MG","Madagascar",3.00,"TLE","FMST"
944,"Mbanza Congo","M'banza-congo","AO","-6,269897","14,247025","AO","Angola",1.00,"SSY","FNBC"
945,"Benguela","Benguela","AO","-12,609025","13,403711","AO","Angola",1.00,"BUG","FNBG"
946,"Cabinda","Cabinda","AO","-5,596992","12,188353","AO","Angola",1.00,"CAB","FNCA"
948,"Huambo","Huambo","AO","-12,808878","15,760547","AO","Angola",1.00,"NOV","FNHU"
949,"Kuito","Kuito","AO","-12,404633","16,947414","AO","Angola",1.00,"SVP","FNKU"
950,"Lobito","Lobito","US","-12,371233","13,536625","US","Angola",1.00,"","FNLB"
951,"Luanda 4 De Fevereiro","Luanda","AO","-8,858375","13,231178","AO","Angola",1.00,"LAD","FNLU"
952,"Malanje","Malanje","AO","-9,525086","16,312406","AO","Angola",1.00,"MEG","FNMA"
953,"Menongue","Menongue","AO","-14,657583","17,719833","AO","Angola",1.00,"SPP","FNME"
955,"Negage","Negage","AO","-7,754506","15,287728","AO","Angola",1.00,"GXG","FNNG"
956,"Porto Amboim","Porto Amboim","AO","-10,721956","13,765528","AO","Angola",1.00,"PBN","FNPA"
957,"Saurimo","Saurimo","AO","-9,689067","20,431875","AO","Angola",1.00,"VHC","FNSA"
958,"Soyo","Soyo","AO","-6,141086","12,371764","AO","Angola",1.00,"SZA","FNSO"
959,"Lubango","Lubango","AO","-14,924733","13,575022","AO","Angola",1.00,"SDD","FNUB"
960,"Luena","Luena","AO","-11,768086","19,897672","AO","Angola",1.00,"LUO","FNUE"
961,"Uige","Uige","AO","-7,603067","15,027822","AO","Angola",1.00,"UGO","FNUG"
962,"Xangongo","Xangongo","AO","-16,755417","14,965344","AO","Angola",1.00,"XGN","FNXA"
963,"Oyem","Oyem","GA","1,543108","11,581361","GA","Gabon",1.00,"OYE","FOGO"
964,"Okondja","Okondja","GA","-0,665214","13,673133","GA","Gabon",1.00,"OKN","FOGQ"
965,"Lambarene","Lambarene","GA","-0,704389","10,245722","GA","Gabon",1.00,"LBQ","FOGR"
966,"Bitam","Bitam","GA","2,075639","11,493195","GA","Gabon",1.00,"BMM","FOOB"
967,"Port Gentil","Port Gentil","GA","-0,711739","8,754383","GA","Gabon",1.00,"POG","FOOG"
968,"Omboue Hopital","Omboue Hospial","GA","-1,574733","9,262694","GA","Gabon",1.00,"OMB","FOOH"
969,"Makokou","Makokou","GA","0,579211","12,890908","GA","Gabon",1.00,"MKU","FOOK"
970,"Leon M Ba","Libreville","GA","0,4586","9,412283","GA","Gabon",1.00,"LBV","FOOL"
971,"Mvengue","Franceville","GA","-1,656156","13,438036","GA","Gabon",1.00,"MVB","FOON"
972,"Principe","Principe","ST","1,662936","7,411742","ST","Sao Tome and Principe",0.00,"PCP","FPPR"
973,"Sao Tome Intl","Sao Tome","ST","0,378175","6,712153","ST","Sao Tome and Principe",0.00,"TMS","FPST"
974,"Beira","Beira","MZ","-19,796419","34,907556","MZ","Mozambique",2.00,"BEW","FQBR"
976,"Inhambane","Inhambane","MZ","-23,876431","35,408544","MZ","Mozambique",2.00,"INH","FQIN"
977,"Lichinga","Lichinga","MZ","-13,273986","35,266262","MZ","Mozambique",2.00,"VXC","FQLC"
978,"Lumbo","Lumbo","US","-15,033058","40,671728","US","Mozambique",2.00,"","FQLU"
979,"Maputo","Maputo","MZ","-25,920836","32,572606","MZ","Mozambique",2.00,"MPM","FQMA"
980,"Mueda","Mueda","US","-11,672922","39,563142","US","Mozambique",2.00,"","FQMD"
981,"Mocimboa Da Praia","Mocimboa Da Praia","MZ","-11,361789","40,354875","MZ","Mozambique",2.00,"MZB","FQMP"
982,"Marrupa","Marrupa","US","-13,225053","37,552067","US","Mozambique",2.00,"","FQMR"
983,"Nacala","Nacala","MZ","-14,488233","40,71225","MZ","Mozambique",2.00,"MNC","FQNC"
984,"Nampula","Nampula","MZ","-15,105611","39,2818","MZ","Mozambique",2.00,"APL","FQNP"
985,"Pemba","Pemba","MZ","-12,986753","40,522492","MZ","Mozambique",2.00,"POL","FQPB"
986,"Quelimane","Quelimane","MZ","-17,8555","36,869106","MZ","Mozambique",2.00,"UEL","FQQL"
987,"Songo","Songo","US","-15,602694","32,773189","US","Mozambique",2.00,"","FQSG"
988,"Tete Chingodzi","Tete","MZ","-16,104817","33,640181","MZ","Mozambique",2.00,"TET","FQTT"
989,"Ulongwe","Ulongwe","US","-14,704617","34,352369","US","Mozambique",2.00,"","FQUG"
990,"Vilankulo","Vilankulu","MZ","-22,018431","35,313297","MZ","Mozambique",2.00,"VNX","FQVL"
991,"Alphonse","Alphonse","US","-7,004783","52,726247","US","Seychelles",4.00,"","FSAL"
992,"Desroches","Desroches","SC","-5,696697","53,655844","SC","Seychelles",4.00,"DES","FSDR"
993,"Farquhar","Farquhar","US","-10,109611","51,176119","US","Seychelles",4.00,"","FSFA"
994,"Seychelles Intl","Mahe","SC","-4,674342","55,521839","SC","Seychelles",4.00,"SEZ","FSIA"
995,"Praslin","Praslin","SC","-4,319292","55,691417","SC","Seychelles",4.00,"PRI","FSPP"
996,"Coetivy","Coetivy","US","-7,134567","56,278239","US","Seychelles",4.00,"","FSSC"
997,"Abeche","Abeche","TD","13,847","20,844333","TD","Chad",1.00,"AEH","FTTC"
998,"Moundou","Moundou","TD","8,624406","16,071419","TD","Chad",1.00,"MQQ","FTTD"
999,"Ndjamena Hassan Djamous","N'djamena","TD","12,133689","15,034019","TD","Chad",1.00,"NDJ","FTTJ"
1000,"Faya Largeau","Faya-largeau","TD","17,917053","19,111078","TD","Chad",1.00,"FYT","FTTY"
1001,"J M Nkomo Intl","Bulawayo","ZW","-20,017431","28,617869","ZW","Zimbabwe",2.00,"BUQ","FVBU"
1002,"Charles Prince","Harare","US","-17,751561","30,924706","US","Zimbabwe",2.00,"","FVCP"
1003,"Buffalo Range","Chiredzi","ZW","-21,008083","31,57855","ZW","Zimbabwe",2.00,"BFO","FVCZ"
1004,"Victoria Falls Intl","Victoria Falls","ZW","-18,095881","25,839006","ZW","Zimbabwe",2.00,"VFA","FVFA"
1005,"Harare Intl","Harare","ZW","-17,931806","31,092847","ZW","Zimbabwe",2.00,"HRE","FVHA"
1006,"Kariba Intl","Kariba","ZW","-16,519761","28,884981","ZW","Zimbabwe",2.00,"KAB","FVKB"
1007,"Mutoko","Mutoko","US","-17,431917","32,184502","US","Zimbabwe",2.00,"","FVMT"
1008,"Mutare","Mutare","US","-18,997499","32,627224","US","Zimbabwe",2.00,"","FVMU"
1009,"Masvingo Intl","Masvingo","ZW","-20,055333","30,859111","ZW","Zimbabwe",2.00,"MVZ","FVMV"
1010,"Zvishavane","Zvishavane","US","-20,289497","30,088228","US","Zimbabwe",2.00,"","FVSH"
1011,"Gweru Thornhill","Gwert","ZW","-19,436394","29,861911","ZW","Zimbabwe",2.00,"GWE","FVTL"
1012,"Hwange National Park","Hwange National Park","NA","-18,629872","27,021042","NA","Zimbabwe",2.00,"WKM","FVWN"
1013,"Chileka Intl","Blantyre","MW","-15,679053","34,974014","MW","Malawi",2.00,"BLZ","FWCL"
1014,"Karonga","Karonga","MW","-9,953569","33,893022","MW","Malawi",2.00,"KGJ","FWKA"
1015,"Kasungu","Kasungu","US","-13,014631","33,468597","US","Malawi",2.00,"","FWKG"
1016,"Kamuzu Intl","Lilongwe","MW","-13,789378","33,781","MW","Malawi",2.00,"LLW","FWKI"
1017,"Mzuzu","Mzuzu","MW","-11,44475","34,011776","MW","Malawi",2.00,"ZZU","FWUU"
1018,"Moshoeshoe I Intl","Maseru","LS","-29,462256","27,552503","LS","Lesotho",2.00,"MSU","FXMM"
1019,"Mejametalana","Maseru","US","-29,304053","27,503458","US","Lesotho",2.00,"","FXMU"
1020,"Ndjili Intl","Kinshasa","CD","-4,38575","15,444569","CD","Congo (Kinshasa)",1.00,"FIH","FZAA"
